ticker,method,regime,liq_mln,vol_pct,n_fires,n_bull,n_bear,mean_bull,mean_bear,win_rate,d,role
A2U6,PRICE_TREND,ALL,0.0035,0.0000,2,1,1,,,,,n/a
A2U6,PRICE_TREND,trending_up,0.0035,0.0000,0,0,0,,,,,n/a
A2U6,PRICE_TREND,trending_down,0.0035,0.0000,0,0,0,,,,,n/a
A2U6,PRICE_TREND,ranging,0.0035,0.0000,0,0,0,,,,,n/a
A2U6,PRICE_TREND,high_vol,0.0035,0.0000,1,1,0,,,,,n/a
A2U6,PRICE_TREND,low_vol,0.0035,0.0000,1,0,1,,,,,n/a
A2U6,PRICE_TREND,stress,0.0035,0.0000,0,0,0,,,,,n/a
A2U6,VOL_MOMENTUM,ALL,0.0035,0.0000,14,13,1,,,,,n/a
A2U6,VOL_MOMENTUM,trending_up,0.0035,0.0000,0,0,0,,,,,n/a
A2U6,VOL_MOMENTUM,trending_down,0.0035,0.0000,0,0,0,,,,,n/a
A2U6,VOL_MOMENTUM,ranging,0.0035,0.0000,0,0,0,,,,,n/a
A2U6,VOL_MOMENTUM,high_vol,0.0035,0.0000,0,0,0,,,,,n/a
A2U6,VOL_MOMENTUM,low_vol,0.0035,0.0000,13,12,1,,,,,n/a
A2U6,VOL_MOMENTUM,stress,0.0035,0.0000,1,1,0,,,,,n/a
A2U6,VWAP_SIGNAL,ALL,0.0035,0.0000,16,5,11,-147.42950585249736,-107.39824274683848,0.5625,-0.16778366701651362,anti
A2U6,VWAP_SIGNAL,trending_up,0.0035,0.0000,0,0,0,,,,,n/a
A2U6,VWAP_SIGNAL,trending_down,0.0035,0.0000,0,0,0,,,,,n/a
A2U6,VWAP_SIGNAL,ranging,0.0035,0.0000,0,0,0,,,,,n/a
A2U6,VWAP_SIGNAL,high_vol,0.0035,0.0000,1,1,0,,,,,n/a
A2U6,VWAP_SIGNAL,low_vol,0.0035,0.0000,14,4,10,4.046451017692647,-67.22897611243425,0.5714285714285714,0.6162032130331472,signal
A2U6,VWAP_SIGNAL,stress,0.0035,0.0000,1,0,1,,,,,n/a
A2U6,BS_PRESSURE,ALL,0.0035,0.0000,0,0,0,,,,,n/a
A2U6,BS_PRESSURE,trending_up,0.0035,0.0000,0,0,0,,,,,n/a
A2U6,BS_PRESSURE,trending_down,0.0035,0.0000,0,0,0,,,,,n/a
A2U6,BS_PRESSURE,ranging,0.0035,0.0000,0,0,0,,,,,n/a
A2U6,BS_PRESSURE,high_vol,0.0035,0.0000,0,0,0,,,,,n/a
A2U6,BS_PRESSURE,low_vol,0.0035,0.0000,0,0,0,,,,,n/a
A2U6,BS_PRESSURE,stress,0.0035,0.0000,0,0,0,,,,,n/a
A2U6,CANDLE_PATTERN,ALL,0.0035,0.0000,18,3,15,-251.5568767658799,-76.4346600757894,0.3888888888888889,-0.8060764105984165,anti
A2U6,CANDLE_PATTERN,trending_up,0.0035,0.0000,0,0,0,,,,,n/a
A2U6,CANDLE_PATTERN,trending_down,0.0035,0.0000,0,0,0,,,,,n/a
A2U6,CANDLE_PATTERN,ranging,0.0035,0.0000,0,0,0,,,,,n/a
A2U6,CANDLE_PATTERN,high_vol,0.0035,0.0000,1,0,1,,,,,n/a
A2U6,CANDLE_PATTERN,low_vol,0.0035,0.0000,16,2,14,-122.78986060337934,-28.084754843113092,0.375,-0.8729580020501432,anti
A2U6,CANDLE_PATTERN,stress,0.0035,0.0000,1,1,0,,,,,n/a
A2U6,TALIB_ANTISIGNAL,ALL,0.0035,0.0000,4,2,2,-29.000860470440678,-380.57285180571137,0.5,2.679989809797513,signal
A2U6,TALIB_ANTISIGNAL,trending_up,0.0035,0.0000,0,0,0,,,,,n/a
A2U6,TALIB_ANTISIGNAL,trending_down,0.0035,0.0000,0,0,0,,,,,n/a
A2U6,TALIB_ANTISIGNAL,ranging,0.0035,0.0000,0,0,0,,,,,n/a
A2U6,TALIB_ANTISIGNAL,high_vol,0.0035,0.0000,0,0,0,,,,,n/a
A2U6,TALIB_ANTISIGNAL,low_vol,0.0035,0.0000,3,2,1,,,,,n/a
A2U6,TALIB_ANTISIGNAL,stress,0.0035,0.0000,1,0,1,,,,,n/a
A2U6,ADAPTIVE_MA,ALL,0.0035,0.0000,8,4,4,-189.78543336000084,6.457171671827241,0.125,-0.7386613122021065,anti
A2U6,ADAPTIVE_MA,trending_up,0.0035,0.0000,0,0,0,,,,,n/a
A2U6,ADAPTIVE_MA,trending_down,0.0035,0.0000,0,0,0,,,,,n/a
A2U6,ADAPTIVE_MA,ranging,0.0035,0.0000,0,0,0,,,,,n/a
A2U6,ADAPTIVE_MA,high_vol,0.0035,0.0000,1,1,0,,,,,n/a
A2U6,ADAPTIVE_MA,low_vol,0.0035,0.0000,7,3,4,-1.936133368915281,6.457171671827241,0.14285714285714285,-2.7801633677897786,anti
A2U6,ADAPTIVE_MA,stress,0.0035,0.0000,0,0,0,,,,,n/a
A2U6,TREND_QUALITY,ALL,0.0035,0.0000,0,0,0,,,,,n/a
A2U6,TREND_QUALITY,trending_up,0.0035,0.0000,0,0,0,,,,,n/a
A2U6,TREND_QUALITY,trending_down,0.0035,0.0000,0,0,0,,,,,n/a
A2U6,TREND_QUALITY,ranging,0.0035,0.0000,0,0,0,,,,,n/a
A2U6,TREND_QUALITY,high_vol,0.0035,0.0000,0,0,0,,,,,n/a
A2U6,TREND_QUALITY,low_vol,0.0035,0.0000,0,0,0,,,,,n/a
A2U6,TREND_QUALITY,stress,0.0035,0.0000,0,0,0,,,,,n/a
A2U6,FRACTAL,ALL,0.0035,0.0000,0,0,0,,,,,n/a
A2U6,FRACTAL,trending_up,0.0035,0.0000,0,0,0,,,,,n/a
A2U6,FRACTAL,trending_down,0.0035,0.0000,0,0,0,,,,,n/a
A2U6,FRACTAL,ranging,0.0035,0.0000,0,0,0,,,,,n/a
A2U6,FRACTAL,high_vol,0.0035,0.0000,0,0,0,,,,,n/a
A2U6,FRACTAL,low_vol,0.0035,0.0000,0,0,0,,,,,n/a
A2U6,FRACTAL,stress,0.0035,0.0000,0,0,0,,,,,n/a
A2U6,ENTROPY,ALL,0.0035,0.0000,0,0,0,,,,,n/a
A2U6,ENTROPY,trending_up,0.0035,0.0000,0,0,0,,,,,n/a
A2U6,ENTROPY,trending_down,0.0035,0.0000,0,0,0,,,,,n/a
A2U6,ENTROPY,ranging,0.0035,0.0000,0,0,0,,,,,n/a
A2U6,ENTROPY,high_vol,0.0035,0.0000,0,0,0,,,,,n/a
A2U6,ENTROPY,low_vol,0.0035,0.0000,0,0,0,,,,,n/a
A2U6,ENTROPY,stress,0.0035,0.0000,0,0,0,,,,,n/a
A2U6,FISHER_RSI,ALL,0.0035,0.0000,5,3,2,4.883251544576318,-254.43668724155125,0.6,1.2467380168577915,signal
A2U6,FISHER_RSI,trending_up,0.0035,0.0000,0,0,0,,,,,n/a
A2U6,FISHER_RSI,trending_down,0.0035,0.0000,0,0,0,,,,,n/a
A2U6,FISHER_RSI,ranging,0.0035,0.0000,0,0,0,,,,,n/a
A2U6,FISHER_RSI,high_vol,0.0035,0.0000,0,0,0,,,,,n/a
A2U6,FISHER_RSI,low_vol,0.0035,0.0000,4,3,1,,,,,n/a
A2U6,FISHER_RSI,stress,0.0035,0.0000,1,0,1,,,,,n/a
A2U6,KLINGER,ALL,0.0035,0.0000,13,11,2,-168.32055108666754,1.9593804588502237,0.46153846153846156,-0.666592490514548,anti
A2U6,KLINGER,trending_up,0.0035,0.0000,0,0,0,,,,,n/a
A2U6,KLINGER,trending_down,0.0035,0.0000,0,0,0,,,,,n/a
A2U6,KLINGER,ranging,0.0035,0.0000,0,0,0,,,,,n/a
A2U6,KLINGER,high_vol,0.0035,0.0000,1,1,0,,,,,n/a
A2U6,KLINGER,low_vol,0.0035,0.0000,11,9,2,-65.45575772546715,1.9593804588502237,0.5454545454545454,-0.49910916614428846,anti
A2U6,KLINGER,stress,0.0035,0.0000,1,1,0,,,,,n/a
A2U6,VZO,ALL,0.0035,0.0000,17,3,14,-168.43458306219964,-81.70228483766714,0.35294117647058826,-0.3777975435097285,anti
A2U6,VZO,trending_up,0.0035,0.0000,0,0,0,,,,,n/a
A2U6,VZO,trending_down,0.0035,0.0000,0,0,0,,,,,n/a
A2U6,VZO,ranging,0.0035,0.0000,0,0,0,,,,,n/a
A2U6,VZO,high_vol,0.0035,0.0000,1,0,1,,,,,n/a
A2U6,VZO,low_vol,0.0035,0.0000,15,2,13,1.893579952141049,-30.03835803031403,0.3333333333333333,0.318460321499928,signal
A2U6,VZO,stress,0.0035,0.0000,1,1,0,,,,,n/a
A2U6,DONCHIAN,ALL,0.0035,0.0000,0,0,0,,,,,n/a
A2U6,DONCHIAN,trending_up,0.0035,0.0000,0,0,0,,,,,n/a
A2U6,DONCHIAN,trending_down,0.0035,0.0000,0,0,0,,,,,n/a
A2U6,DONCHIAN,ranging,0.0035,0.0000,0,0,0,,,,,n/a
A2U6,DONCHIAN,high_vol,0.0035,0.0000,0,0,0,,,,,n/a
A2U6,DONCHIAN,low_vol,0.0035,0.0000,0,0,0,,,,,n/a
A2U6,DONCHIAN,stress,0.0035,0.0000,0,0,0,,,,,n/a
A2U6,ADX_DI_CONVERGENCE,ALL,0.0035,0.0000,2,0,2,,,,,n/a
A2U6,ADX_DI_CONVERGENCE,trending_up,0.0035,0.0000,0,0,0,,,,,n/a
A2U6,ADX_DI_CONVERGENCE,trending_down,0.0035,0.0000,0,0,0,,,,,n/a
A2U6,ADX_DI_CONVERGENCE,ranging,0.0035,0.0000,0,0,0,,,,,n/a
A2U6,ADX_DI_CONVERGENCE,high_vol,0.0035,0.0000,0,0,0,,,,,n/a
A2U6,ADX_DI_CONVERGENCE,low_vol,0.0035,0.0000,2,0,2,,,,,n/a
A2U6,ADX_DI_CONVERGENCE,stress,0.0035,0.0000,0,0,0,,,,,n/a
A2U6,ULT_OSC_DISAGREEMENT,ALL,0.0035,0.0000,5,1,4,,,,,n/a
A2U6,ULT_OSC_DISAGREEMENT,trending_up,0.0035,0.0000,0,0,0,,,,,n/a
A2U6,ULT_OSC_DISAGREEMENT,trending_down,0.0035,0.0000,0,0,0,,,,,n/a
A2U6,ULT_OSC_DISAGREEMENT,ranging,0.0035,0.0000,0,0,0,,,,,n/a
A2U6,ULT_OSC_DISAGREEMENT,high_vol,0.0035,0.0000,1,0,1,,,,,n/a
A2U6,ULT_OSC_DISAGREEMENT,low_vol,0.0035,0.0000,4,1,3,,,,,n/a
A2U6,ULT_OSC_DISAGREEMENT,stress,0.0035,0.0000,0,0,0,,,,,n/a
A2U6,TWIGGS,ALL,0.0035,0.0000,10,7,3,-161.55097492895064,3.7870167856142487,0.2,-0.885262925397408,anti
A2U6,TWIGGS,trending_up,0.0035,0.0000,0,0,0,,,,,n/a
A2U6,TWIGGS,trending_down,0.0035,0.0000,0,0,0,,,,,n/a
A2U6,TWIGGS,ranging,0.0035,0.0000,0,0,0,,,,,n/a
A2U6,TWIGGS,high_vol,0.0035,0.0000,0,0,0,,,,,n/a
A2U6,TWIGGS,low_vol,0.0035,0.0000,9,6,3,-103.6276525686289,3.7870167856142487,0.2222222222222222,-0.764630162007883,anti
A2U6,TWIGGS,stress,0.0035,0.0000,1,1,0,,,,,n/a
A2U6,RMI,ALL,0.0035,0.0000,16,13,3,-127.3197212889458,-84.84172444075467,0.5625,-0.17766697589978275,anti
A2U6,RMI,trending_up,0.0035,0.0000,0,0,0,,,,,n/a
A2U6,RMI,trending_down,0.0035,0.0000,0,0,0,,,,,n/a
A2U6,RMI,ranging,0.0035,0.0000,0,0,0,,,,,n/a
A2U6,RMI,high_vol,0.0035,0.0000,1,1,0,,,,,n/a
A2U6,RMI,low_vol,0.0035,0.0000,14,11,3,-35.70292130292337,-84.84172444075467,0.6428571428571429,0.4124738227084789,signal
A2U6,RMI,stress,0.0035,0.0000,1,1,0,,,,,n/a
A2U6,ZSCORE,ALL,0.0035,0.0000,9,4,5,-73.96423744927122,-149.45137923528156,0.4444444444444444,0.28224137247910225,signal
A2U6,ZSCORE,trending_up,0.0035,0.0000,0,0,0,,,,,n/a
A2U6,ZSCORE,trending_down,0.0035,0.0000,0,0,0,,,,,n/a
A2U6,ZSCORE,ranging,0.0035,0.0000,0,0,0,,,,,n/a
A2U6,ZSCORE,high_vol,0.0035,0.0000,1,0,1,,,,,n/a
A2U6,ZSCORE,low_vol,0.0035,0.0000,8,4,4,-73.96423744927122,1.5191092892124132,0.375,-0.8727018008498366,anti
A2U6,ZSCORE,stress,0.0035,0.0000,0,0,0,,,,,n/a
A2U6,ZLEMA_SIGNAL,ALL,0.0035,0.0000,16,8,8,-92.5833821001043,-113.7066788557803,0.4375,0.08852482542527539,signal
A2U6,ZLEMA_SIGNAL,trending_up,0.0035,0.0000,0,0,0,,,,,n/a
A2U6,ZLEMA_SIGNAL,trending_down,0.0035,0.0000,0,0,0,,,,,n/a
A2U6,ZLEMA_SIGNAL,ranging,0.0035,0.0000,0,0,0,,,,,n/a
A2U6,ZLEMA_SIGNAL,high_vol,0.0035,0.0000,1,1,0,,,,,n/a
A2U6,ZLEMA_SIGNAL,low_vol,0.0035,0.0000,14,7,7,1.8094680760604487,-57.22321739362304,0.42857142857142855,0.5915763609372972,signal
A2U6,ZLEMA_SIGNAL,stress,0.0035,0.0000,1,0,1,,,,,n/a
A2U6,T3_SIGNAL,ALL,0.0035,0.0000,16,8,8,-92.5833821001043,-113.7066788557803,0.4375,0.08852482542527539,signal
A2U6,T3_SIGNAL,trending_up,0.0035,0.0000,0,0,0,,,,,n/a
A2U6,T3_SIGNAL,trending_down,0.0035,0.0000,0,0,0,,,,,n/a
A2U6,T3_SIGNAL,ranging,0.0035,0.0000,0,0,0,,,,,n/a
A2U6,T3_SIGNAL,high_vol,0.0035,0.0000,1,1,0,,,,,n/a
A2U6,T3_SIGNAL,low_vol,0.0035,0.0000,14,7,7,1.8094680760604487,-57.22321739362304,0.42857142857142855,0.5915763609372972,signal
A2U6,T3_SIGNAL,stress,0.0035,0.0000,1,0,1,,,,,n/a
A2U6,SINEWAVE_SIGNAL,ALL,0.0035,0.0000,15,4,11,-184.21865050609617,-82.7320060911978,0.4,-0.4202647912239277,anti
A2U6,SINEWAVE_SIGNAL,trending_up,0.0035,0.0000,0,0,0,,,,,n/a
A2U6,SINEWAVE_SIGNAL,trending_down,0.0035,0.0000,0,0,0,,,,,n/a
A2U6,SINEWAVE_SIGNAL,ranging,0.0035,0.0000,0,0,0,,,,,n/a
A2U6,SINEWAVE_SIGNAL,high_vol,0.0035,0.0000,1,1,0,,,,,n/a
A2U6,SINEWAVE_SIGNAL,low_vol,0.0035,0.0000,13,3,10,5.486243769624284,-40.096115791229465,0.38461538461538464,0.42545360224690865,signal
A2U6,SINEWAVE_SIGNAL,stress,0.0035,0.0000,1,0,1,,,,,n/a
A2U6,SSA_SIGNAL,ALL,0.0035,0.0000,11,11,0,,,,,n/a
A2U6,SSA_SIGNAL,trending_up,0.0035,0.0000,0,0,0,,,,,n/a
A2U6,SSA_SIGNAL,trending_down,0.0035,0.0000,0,0,0,,,,,n/a
A2U6,SSA_SIGNAL,ranging,0.0035,0.0000,0,0,0,,,,,n/a
A2U6,SSA_SIGNAL,high_vol,0.0035,0.0000,1,1,0,,,,,n/a
A2U6,SSA_SIGNAL,low_vol,0.0035,0.0000,9,9,0,,,,,n/a
A2U6,SSA_SIGNAL,stress,0.0035,0.0000,1,1,0,,,,,n/a
A2U6,NADARAYA_WATSON,ALL,0.0035,0.0000,12,11,1,,,,,n/a
A2U6,NADARAYA_WATSON,trending_up,0.0035,0.0000,0,0,0,,,,,n/a
A2U6,NADARAYA_WATSON,trending_down,0.0035,0.0000,0,0,0,,,,,n/a
A2U6,NADARAYA_WATSON,ranging,0.0035,0.0000,0,0,0,,,,,n/a
A2U6,NADARAYA_WATSON,high_vol,0.0035,0.0000,1,0,1,,,,,n/a
A2U6,NADARAYA_WATSON,low_vol,0.0035,0.0000,11,11,0,,,,,n/a
A2U6,NADARAYA_WATSON,stress,0.0035,0.0000,0,0,0,,,,,n/a
A2U6,FRACTIONAL_DIFF,ALL,0.0035,0.0000,11,9,2,-82.16470067418851,6.956996133684374,0.45454545454545453,-0.3754676075485511,anti
A2U6,FRACTIONAL_DIFF,trending_up,0.0035,0.0000,0,0,0,,,,,n/a
A2U6,FRACTIONAL_DIFF,trending_down,0.0035,0.0000,0,0,0,,,,,n/a
A2U6,FRACTIONAL_DIFF,ranging,0.0035,0.0000,0,0,0,,,,,n/a
A2U6,FRACTIONAL_DIFF,high_vol,0.0035,0.0000,1,1,0,,,,,n/a
A2U6,FRACTIONAL_DIFF,low_vol,0.0035,0.0000,10,8,2,1.7313784081951198,6.956996133684374,0.5,-0.8676227441713177,anti
A2U6,FRACTIONAL_DIFF,stress,0.0035,0.0000,0,0,0,,,,,n/a
A2U6,HAWKES_SIGNAL,ALL,0.0035,0.0000,18,8,10,-113.7066788557803,-99.15371005882382,0.5555555555555556,-0.06386093368763171,anti
A2U6,HAWKES_SIGNAL,trending_up,0.0035,0.0000,0,0,0,,,,,n/a
A2U6,HAWKES_SIGNAL,trending_down,0.0035,0.0000,0,0,0,,,,,n/a
A2U6,HAWKES_SIGNAL,ranging,0.0035,0.0000,0,0,0,,,,,n/a
A2U6,HAWKES_SIGNAL,high_vol,0.0035,0.0000,1,0,1,,,,,n/a
A2U6,HAWKES_SIGNAL,low_vol,0.0035,0.0000,16,7,9,-57.22321739362304,-26.46708525055341,0.5625,-0.273729856037538,anti
A2U6,HAWKES_SIGNAL,stress,0.0035,0.0000,1,1,0,,,,,n/a
A2U6,VSA,ALL,0.0035,0.0000,5,2,3,-122.62172113339273,-15.825135050469243,0.6,-0.975834578819116,anti
A2U6,VSA,trending_up,0.0035,0.0000,0,0,0,,,,,n/a
A2U6,VSA,trending_down,0.0035,0.0000,0,0,0,,,,,n/a
A2U6,VSA,ranging,0.0035,0.0000,0,0,0,,,,,n/a
A2U6,VSA,high_vol,0.0035,0.0000,0,0,0,,,,,n/a
A2U6,VSA,low_vol,0.0035,0.0000,5,2,3,-122.62172113339273,-15.825135050469243,0.6,-0.975834578819116,anti
A2U6,VSA,stress,0.0035,0.0000,0,0,0,,,,,n/a
A2U6,WICK_REJECTION,ALL,0.0035,0.0000,12,9,3,-30.48138339010362,3.2252564590723125,0.4166666666666667,-0.44011226601081876,anti
A2U6,WICK_REJECTION,trending_up,0.0035,0.0000,0,0,0,,,,,n/a
A2U6,WICK_REJECTION,trending_down,0.0035,0.0000,0,0,0,,,,,n/a
A2U6,WICK_REJECTION,ranging,0.0035,0.0000,0,0,0,,,,,n/a
A2U6,WICK_REJECTION,high_vol,0.0035,0.0000,0,0,0,,,,,n/a
A2U6,WICK_REJECTION,low_vol,0.0035,0.0000,12,9,3,-30.48138339010362,3.2252564590723125,0.4166666666666667,-0.44011226601081876,anti
A2U6,WICK_REJECTION,stress,0.0035,0.0000,0,0,0,,,,,n/a
A2U6,TRIANGLE,ALL,0.0035,0.0000,0,0,0,,,,,n/a
A2U6,TRIANGLE,trending_up,0.0035,0.0000,0,0,0,,,,,n/a
A2U6,TRIANGLE,trending_down,0.0035,0.0000,0,0,0,,,,,n/a
A2U6,TRIANGLE,ranging,0.0035,0.0000,0,0,0,,,,,n/a
A2U6,TRIANGLE,high_vol,0.0035,0.0000,0,0,0,,,,,n/a
A2U6,TRIANGLE,low_vol,0.0035,0.0000,0,0,0,,,,,n/a
A2U6,TRIANGLE,stress,0.0035,0.0000,0,0,0,,,,,n/a
A2U6,PRICE_ACCEL,ALL,0.0035,0.0000,16,9,7,-81.19814897651021,-6.343884377994853,0.4375,-0.5423935487236192,anti
A2U6,PRICE_ACCEL,trending_up,0.0035,0.0000,0,0,0,,,,,n/a
A2U6,PRICE_ACCEL,trending_down,0.0035,0.0000,0,0,0,,,,,n/a
A2U6,PRICE_ACCEL,ranging,0.0035,0.0000,0,0,0,,,,,n/a
A2U6,PRICE_ACCEL,high_vol,0.0035,0.0000,0,0,0,,,,,n/a
A2U6,PRICE_ACCEL,low_vol,0.0035,0.0000,15,8,7,-27.711553962213845,-6.343884377994853,0.4666666666666667,-0.31279383171873604,anti
A2U6,PRICE_ACCEL,stress,0.0035,0.0000,1,1,0,,,,,n/a
A2U6,CUMUL_DELTA,ALL,0.0035,0.0000,16,4,12,-283.156904886238,-64.75449421113397,0.375,-1.0046853058811325,anti
A2U6,CUMUL_DELTA,trending_up,0.0035,0.0000,0,0,0,,,,,n/a
A2U6,CUMUL_DELTA,trending_down,0.0035,0.0000,0,0,0,,,,,n/a
A2U6,CUMUL_DELTA,ranging,0.0035,0.0000,0,0,0,,,,,n/a
A2U6,CUMUL_DELTA,high_vol,0.0035,0.0000,1,0,1,,,,,n/a
A2U6,CUMUL_DELTA,low_vol,0.0035,0.0000,14,3,11,-207.84557015135707,-2.1564179273045454,0.35714285714285715,-2.579955326887199,anti
A2U6,CUMUL_DELTA,stress,0.0035,0.0000,1,1,0,,,,,n/a
A2U6,AMT_POC,ALL,0.0035,0.0000,6,0,6,,,,,n/a
A2U6,AMT_POC,trending_up,0.0035,0.0000,0,0,0,,,,,n/a
A2U6,AMT_POC,trending_down,0.0035,0.0000,0,0,0,,,,,n/a
A2U6,AMT_POC,ranging,0.0035,0.0000,0,0,0,,,,,n/a
A2U6,AMT_POC,high_vol,0.0035,0.0000,0,0,0,,,,,n/a
A2U6,AMT_POC,low_vol,0.0035,0.0000,6,0,6,,,,,n/a
A2U6,AMT_POC,stress,0.0035,0.0000,0,0,0,,,,,n/a
A2U6,VSA_ABSORPTION,ALL,0.0035,0.0000,0,0,0,,,,,n/a
A2U6,VSA_ABSORPTION,trending_up,0.0035,0.0000,0,0,0,,,,,n/a
A2U6,VSA_ABSORPTION,trending_down,0.0035,0.0000,0,0,0,,,,,n/a
A2U6,VSA_ABSORPTION,ranging,0.0035,0.0000,0,0,0,,,,,n/a
A2U6,VSA_ABSORPTION,high_vol,0.0035,0.0000,0,0,0,,,,,n/a
A2U6,VSA_ABSORPTION,low_vol,0.0035,0.0000,0,0,0,,,,,n/a
A2U6,VSA_ABSORPTION,stress,0.0035,0.0000,0,0,0,,,,,n/a
A2U6,CASCADE,ALL,0.0035,0.0000,3,2,1,,,,,n/a
A2U6,CASCADE,trending_up,0.0035,0.0000,0,0,0,,,,,n/a
A2U6,CASCADE,trending_down,0.0035,0.0000,0,0,0,,,,,n/a
A2U6,CASCADE,ranging,0.0035,0.0000,0,0,0,,,,,n/a
A2U6,CASCADE,high_vol,0.0035,0.0000,0,0,0,,,,,n/a
A2U6,CASCADE,low_vol,0.0035,0.0000,3,2,1,,,,,n/a
A2U6,CASCADE,stress,0.0035,0.0000,0,0,0,,,,,n/a
A2U6,IMPULSE_PULLBACK,ALL,0.0035,0.0000,7,5,2,-83.77908488747352,0.7248250630483346,0.42857142857142855,-0.5775098076582327,anti
A2U6,IMPULSE_PULLBACK,trending_up,0.0035,0.0000,0,0,0,,,,,n/a
A2U6,IMPULSE_PULLBACK,trending_down,0.0035,0.0000,0,0,0,,,,,n/a
A2U6,IMPULSE_PULLBACK,ranging,0.0035,0.0000,0,0,0,,,,,n/a
A2U6,IMPULSE_PULLBACK,high_vol,0.0035,0.0000,0,0,0,,,,,n/a
A2U6,IMPULSE_PULLBACK,low_vol,0.0035,0.0000,7,5,2,-83.77908488747352,0.7248250630483346,0.42857142857142855,-0.5775098076582327,anti
A2U6,IMPULSE_PULLBACK,stress,0.0035,0.0000,0,0,0,,,,,n/a
A2U6,ELLIOTT_WAVE,ALL,0.0035,0.0000,0,0,0,,,,,n/a
A2U6,ELLIOTT_WAVE,trending_up,0.0035,0.0000,0,0,0,,,,,n/a
A2U6,ELLIOTT_WAVE,trending_down,0.0035,0.0000,0,0,0,,,,,n/a
A2U6,ELLIOTT_WAVE,ranging,0.0035,0.0000,0,0,0,,,,,n/a
A2U6,ELLIOTT_WAVE,high_vol,0.0035,0.0000,0,0,0,,,,,n/a
A2U6,ELLIOTT_WAVE,low_vol,0.0035,0.0000,0,0,0,,,,,n/a
A2U6,ELLIOTT_WAVE,stress,0.0035,0.0000,0,0,0,,,,,n/a
A2U6,VPIN_TOXICITY,ALL,0.0035,0.0000,1,1,0,,,,,n/a
A2U6,VPIN_TOXICITY,trending_up,0.0035,0.0000,0,0,0,,,,,n/a
A2U6,VPIN_TOXICITY,trending_down,0.0035,0.0000,0,0,0,,,,,n/a
A2U6,VPIN_TOXICITY,ranging,0.0035,0.0000,0,0,0,,,,,n/a
A2U6,VPIN_TOXICITY,high_vol,0.0035,0.0000,0,0,0,,,,,n/a
A2U6,VPIN_TOXICITY,low_vol,0.0035,0.0000,1,1,0,,,,,n/a
A2U6,VPIN_TOXICITY,stress,0.0035,0.0000,0,0,0,,,,,n/a
A2U6,AMIHUD_SHOCK,ALL,0.0035,0.0000,5,2,3,8.512059105601505,-545.0303030302686,1.0,3.515073098465151,signal
A2U6,AMIHUD_SHOCK,trending_up,0.0035,0.0000,0,0,0,,,,,n/a
A2U6,AMIHUD_SHOCK,trending_down,0.0035,0.0000,0,0,0,,,,,n/a
A2U6,AMIHUD_SHOCK,ranging,0.0035,0.0000,0,0,0,,,,,n/a
A2U6,AMIHUD_SHOCK,high_vol,0.0035,0.0000,1,0,1,,,,,n/a
A2U6,AMIHUD_SHOCK,low_vol,0.0035,0.0000,3,2,1,,,,,n/a
A2U6,AMIHUD_SHOCK,stress,0.0035,0.0000,1,0,1,,,,,n/a
A2U6,BIPOWER_JUMP,ALL,0.0035,0.0000,0,0,0,,,,,n/a
A2U6,BIPOWER_JUMP,trending_up,0.0035,0.0000,0,0,0,,,,,n/a
A2U6,BIPOWER_JUMP,trending_down,0.0035,0.0000,0,0,0,,,,,n/a
A2U6,BIPOWER_JUMP,ranging,0.0035,0.0000,0,0,0,,,,,n/a
A2U6,BIPOWER_JUMP,high_vol,0.0035,0.0000,0,0,0,,,,,n/a
A2U6,BIPOWER_JUMP,low_vol,0.0035,0.0000,0,0,0,,,,,n/a
A2U6,BIPOWER_JUMP,stress,0.0035,0.0000,0,0,0,,,,,n/a
A2U6,ANCHORED_VWAP,ALL,0.0035,0.0000,5,1,4,,,,,n/a
A2U6,ANCHORED_VWAP,trending_up,0.0035,0.0000,0,0,0,,,,,n/a
A2U6,ANCHORED_VWAP,trending_down,0.0035,0.0000,0,0,0,,,,,n/a
A2U6,ANCHORED_VWAP,ranging,0.0035,0.0000,0,0,0,,,,,n/a
A2U6,ANCHORED_VWAP,high_vol,0.0035,0.0000,0,0,0,,,,,n/a
A2U6,ANCHORED_VWAP,low_vol,0.0035,0.0000,5,1,4,,,,,n/a
A2U6,ANCHORED_VWAP,stress,0.0035,0.0000,0,0,0,,,,,n/a
A2U6,DFA_REGIME,ALL,0.0035,0.0000,0,0,0,,,,,n/a
A2U6,DFA_REGIME,trending_up,0.0035,0.0000,0,0,0,,,,,n/a
A2U6,DFA_REGIME,trending_down,0.0035,0.0000,0,0,0,,,,,n/a
A2U6,DFA_REGIME,ranging,0.0035,0.0000,0,0,0,,,,,n/a
A2U6,DFA_REGIME,high_vol,0.0035,0.0000,0,0,0,,,,,n/a
A2U6,DFA_REGIME,low_vol,0.0035,0.0000,0,0,0,,,,,n/a
A2U6,DFA_REGIME,stress,0.0035,0.0000,0,0,0,,,,,n/a
A2U6,WANING_IMPULSES,ALL,0.0035,0.0000,10,4,6,-74.16924764283824,-147.35434341161934,0.6,0.37029080602380965,signal
A2U6,WANING_IMPULSES,trending_up,0.0035,0.0000,0,0,0,,,,,n/a
A2U6,WANING_IMPULSES,trending_down,0.0035,0.0000,0,0,0,,,,,n/a
A2U6,WANING_IMPULSES,ranging,0.0035,0.0000,0,0,0,,,,,n/a
A2U6,WANING_IMPULSES,high_vol,0.0035,0.0000,0,0,0,,,,,n/a
A2U6,WANING_IMPULSES,low_vol,0.0035,0.0000,9,4,5,-74.16924764283824,-75.007030275767,0.5555555555555556,0.005621462460399676,noise
A2U6,WANING_IMPULSES,stress,0.0035,0.0000,1,0,1,,,,,n/a
A2U6,VOL_COMPRESSION,ALL,0.0035,0.0000,1,0,1,,,,,n/a
A2U6,VOL_COMPRESSION,trending_up,0.0035,0.0000,0,0,0,,,,,n/a
A2U6,VOL_COMPRESSION,trending_down,0.0035,0.0000,0,0,0,,,,,n/a
A2U6,VOL_COMPRESSION,ranging,0.0035,0.0000,0,0,0,,,,,n/a
A2U6,VOL_COMPRESSION,high_vol,0.0035,0.0000,0,0,0,,,,,n/a
A2U6,VOL_COMPRESSION,low_vol,0.0035,0.0000,1,0,1,,,,,n/a
A2U6,VOL_COMPRESSION,stress,0.0035,0.0000,0,0,0,,,,,n/a
A2U6,FALSE_BREAKOUT,ALL,0.0035,0.0000,0,0,0,,,,,n/a
A2U6,FALSE_BREAKOUT,trending_up,0.0035,0.0000,0,0,0,,,,,n/a
A2U6,FALSE_BREAKOUT,trending_down,0.0035,0.0000,0,0,0,,,,,n/a
A2U6,FALSE_BREAKOUT,ranging,0.0035,0.0000,0,0,0,,,,,n/a
A2U6,FALSE_BREAKOUT,high_vol,0.0035,0.0000,0,0,0,,,,,n/a
A2U6,FALSE_BREAKOUT,low_vol,0.0035,0.0000,0,0,0,,,,,n/a
A2U6,FALSE_BREAKOUT,stress,0.0035,0.0000,0,0,0,,,,,n/a
A2U6,LEVEL_ABSORPTION,ALL,0.0035,0.0000,0,0,0,,,,,n/a
A2U6,LEVEL_ABSORPTION,trending_up,0.0035,0.0000,0,0,0,,,,,n/a
A2U6,LEVEL_ABSORPTION,trending_down,0.0035,0.0000,0,0,0,,,,,n/a
A2U6,LEVEL_ABSORPTION,ranging,0.0035,0.0000,0,0,0,,,,,n/a
A2U6,LEVEL_ABSORPTION,high_vol,0.0035,0.0000,0,0,0,,,,,n/a
A2U6,LEVEL_ABSORPTION,low_vol,0.0035,0.0000,0,0,0,,,,,n/a
A2U6,LEVEL_ABSORPTION,stress,0.0035,0.0000,0,0,0,,,,,n/a
A2U6,ICHIMOKU_SIGNAL,ALL,0.0035,0.0000,6,3,3,-254.6112056736412,2.850763379903071,0.16666666666666666,-1.437269124240458,anti
A2U6,ICHIMOKU_SIGNAL,trending_up,0.0035,0.0000,0,0,0,,,,,n/a
A2U6,ICHIMOKU_SIGNAL,trending_down,0.0035,0.0000,0,0,0,,,,,n/a
A2U6,ICHIMOKU_SIGNAL,ranging,0.0035,0.0000,0,0,0,,,,,n/a
A2U6,ICHIMOKU_SIGNAL,high_vol,0.0035,0.0000,0,0,0,,,,,n/a
A2U6,ICHIMOKU_SIGNAL,low_vol,0.0035,0.0000,5,2,3,-127.37135396502127,2.850763379903071,0.2,-1.276640640674968,anti
A2U6,ICHIMOKU_SIGNAL,stress,0.0035,0.0000,1,1,0,,,,,n/a
A2U6,BB_KELTNER_SQUEEZE,ALL,0.0035,0.0000,16,8,8,-235.13365830681224,-2.2390246367005195,0.3125,-1.1341881522396522,anti
A2U6,BB_KELTNER_SQUEEZE,trending_up,0.0035,0.0000,0,0,0,,,,,n/a
A2U6,BB_KELTNER_SQUEEZE,trending_down,0.0035,0.0000,0,0,0,,,,,n/a
A2U6,BB_KELTNER_SQUEEZE,ranging,0.0035,0.0000,0,0,0,,,,,n/a
A2U6,BB_KELTNER_SQUEEZE,high_vol,0.0035,0.0000,1,1,0,,,,,n/a
A2U6,BB_KELTNER_SQUEEZE,low_vol,0.0035,0.0000,14,6,8,-103.10750400505988,-2.2390246367005195,0.35714285714285715,-0.9268154011770644,anti
A2U6,BB_KELTNER_SQUEEZE,stress,0.0035,0.0000,1,1,0,,,,,n/a
A2U6,MA_ENVELOPE,ALL,0.0035,0.0000,11,4,7,-278.021501933139,-35.12674695881673,0.5454545454545454,-1.0833414978625249,anti
A2U6,MA_ENVELOPE,trending_up,0.0035,0.0000,0,0,0,,,,,n/a
A2U6,MA_ENVELOPE,trending_down,0.0035,0.0000,0,0,0,,,,,n/a
A2U6,MA_ENVELOPE,ranging,0.0035,0.0000,0,0,0,,,,,n/a
A2U6,MA_ENVELOPE,high_vol,0.0035,0.0000,1,1,0,,,,,n/a
A2U6,MA_ENVELOPE,low_vol,0.0035,0.0000,10,3,7,-119.58422479976618,-35.12674695881673,0.6,-0.6143417368090933,anti
A2U6,MA_ENVELOPE,stress,0.0035,0.0000,0,0,0,,,,,n/a
A2U6,MA_TENSION,ALL,0.0035,0.0000,1,1,0,,,,,n/a
A2U6,MA_TENSION,trending_up,0.0035,0.0000,0,0,0,,,,,n/a
A2U6,MA_TENSION,trending_down,0.0035,0.0000,0,0,0,,,,,n/a
A2U6,MA_TENSION,ranging,0.0035,0.0000,0,0,0,,,,,n/a
A2U6,MA_TENSION,high_vol,0.0035,0.0000,0,0,0,,,,,n/a
A2U6,MA_TENSION,low_vol,0.0035,0.0000,1,1,0,,,,,n/a
A2U6,MA_TENSION,stress,0.0035,0.0000,0,0,0,,,,,n/a
A2U6,RSI_DIVERGENCE,ALL,0.0035,0.0000,1,1,0,,,,,n/a
A2U6,RSI_DIVERGENCE,trending_up,0.0035,0.0000,0,0,0,,,,,n/a
A2U6,RSI_DIVERGENCE,trending_down,0.0035,0.0000,0,0,0,,,,,n/a
A2U6,RSI_DIVERGENCE,ranging,0.0035,0.0000,0,0,0,,,,,n/a
A2U6,RSI_DIVERGENCE,high_vol,0.0035,0.0000,0,0,0,,,,,n/a
A2U6,RSI_DIVERGENCE,low_vol,0.0035,0.0000,1,1,0,,,,,n/a
A2U6,RSI_DIVERGENCE,stress,0.0035,0.0000,0,0,0,,,,,n/a
A2U6,ATR_EXHAUSTION,ALL,0.0035,0.0000,14,8,6,-91.79181875877507,-112.44507435873457,0.5,0.09013343328775145,signal
A2U6,ATR_EXHAUSTION,trending_up,0.0035,0.0000,0,0,0,,,,,n/a
A2U6,ATR_EXHAUSTION,trending_down,0.0035,0.0000,0,0,0,,,,,n/a
A2U6,ATR_EXHAUSTION,ranging,0.0035,0.0000,0,0,0,,,,,n/a
A2U6,ATR_EXHAUSTION,high_vol,0.0035,0.0000,1,1,0,,,,,n/a
A2U6,ATR_EXHAUSTION,low_vol,0.0035,0.0000,13,7,6,2.7141118947224308,-112.44507435873457,0.5384615384615384,1.0596780245976591,signal
A2U6,ATR_EXHAUSTION,stress,0.0035,0.0000,0,0,0,,,,,n/a
A2U6,ALLIGATOR,ALL,0.0035,0.0000,13,7,6,-177.96565611860655,-5.484590175097476,0.46153846153846156,-0.733440950394164,anti
A2U6,ALLIGATOR,trending_up,0.0035,0.0000,0,0,0,,,,,n/a
A2U6,ALLIGATOR,trending_down,0.0035,0.0000,0,0,0,,,,,n/a
A2U6,ALLIGATOR,ranging,0.0035,0.0000,0,0,0,,,,,n/a
A2U6,ALLIGATOR,high_vol,0.0035,0.0000,1,1,0,,,,,n/a
A2U6,ALLIGATOR,low_vol,0.0035,0.0000,11,5,6,3.3329299187785835,-5.484590175097476,0.5454545454545454,0.4604369541167878,signal
A2U6,ALLIGATOR,stress,0.0035,0.0000,1,1,0,,,,,n/a
A2U6,MAMA_FAMA,ALL,0.0035,0.0000,17,8,9,-204.34914563960479,-30.319159959047244,0.47058823529411764,-0.8112591527296724,anti
A2U6,MAMA_FAMA,trending_up,0.0035,0.0000,0,0,0,,,,,n/a
A2U6,MAMA_FAMA,trending_down,0.0035,0.0000,0,0,0,,,,,n/a
A2U6,MAMA_FAMA,ranging,0.0035,0.0000,0,0,0,,,,,n/a
A2U6,MAMA_FAMA,high_vol,0.0035,0.0000,1,1,0,,,,,n/a
A2U6,MAMA_FAMA,low_vol,0.0035,0.0000,15,6,9,-62.06148711544996,-30.319159959047244,0.5333333333333333,-0.2739399644088052,anti
A2U6,MAMA_FAMA,stress,0.0035,0.0000,1,1,0,,,,,n/a
A2U6,EHLERS_MODE,ALL,0.0035,0.0000,0,0,0,,,,,n/a
A2U6,EHLERS_MODE,trending_up,0.0035,0.0000,0,0,0,,,,,n/a
A2U6,EHLERS_MODE,trending_down,0.0035,0.0000,0,0,0,,,,,n/a
A2U6,EHLERS_MODE,ranging,0.0035,0.0000,0,0,0,,,,,n/a
A2U6,EHLERS_MODE,high_vol,0.0035,0.0000,0,0,0,,,,,n/a
A2U6,EHLERS_MODE,low_vol,0.0035,0.0000,0,0,0,,,,,n/a
A2U6,EHLERS_MODE,stress,0.0035,0.0000,0,0,0,,,,,n/a
A2U6,CYBER_PHASE,ALL,0.0035,0.0000,17,10,7,-161.70239741559968,-42.09898186685109,0.5882352941176471,-0.5318204750251718,anti
A2U6,CYBER_PHASE,trending_up,0.0035,0.0000,0,0,0,,,,,n/a
A2U6,CYBER_PHASE,trending_down,0.0035,0.0000,0,0,0,,,,,n/a
A2U6,CYBER_PHASE,ranging,0.0035,0.0000,0,0,0,,,,,n/a
A2U6,CYBER_PHASE,high_vol,0.0035,0.0000,1,1,0,,,,,n/a
A2U6,CYBER_PHASE,low_vol,0.0035,0.0000,15,8,7,-44.32496646648226,-42.09898186685109,0.6666666666666666,-0.019037315832301546,noise
A2U6,CYBER_PHASE,stress,0.0035,0.0000,1,1,0,,,,,n/a
A2U6,FVG,ALL,0.0035,0.0000,7,3,4,-12.658713162716873,-283.740258586988,0.8571428571428571,0.974212326743196,signal
A2U6,FVG,trending_up,0.0035,0.0000,0,0,0,,,,,n/a
A2U6,FVG,trending_down,0.0035,0.0000,0,0,0,,,,,n/a
A2U6,FVG,ranging,0.0035,0.0000,0,0,0,,,,,n/a
A2U6,FVG,high_vol,0.0035,0.0000,1,0,1,,,,,n/a
A2U6,FVG,low_vol,0.0035,0.0000,6,3,3,-12.658713162716873,-127.20923367156472,0.8333333333333334,0.7508012958154816,signal
A2U6,FVG,stress,0.0035,0.0000,0,0,0,,,,,n/a
A2U6,ORDER_BLOCK,ALL,0.0035,0.0000,0,0,0,,,,,n/a
A2U6,ORDER_BLOCK,trending_up,0.0035,0.0000,0,0,0,,,,,n/a
A2U6,ORDER_BLOCK,trending_down,0.0035,0.0000,0,0,0,,,,,n/a
A2U6,ORDER_BLOCK,ranging,0.0035,0.0000,0,0,0,,,,,n/a
A2U6,ORDER_BLOCK,high_vol,0.0035,0.0000,0,0,0,,,,,n/a
A2U6,ORDER_BLOCK,low_vol,0.0035,0.0000,0,0,0,,,,,n/a
A2U6,ORDER_BLOCK,stress,0.0035,0.0000,0,0,0,,,,,n/a
A2U6,LIQUIDITY_SWEEP,ALL,0.0035,0.0000,1,1,0,,,,,n/a
A2U6,LIQUIDITY_SWEEP,trending_up,0.0035,0.0000,0,0,0,,,,,n/a
A2U6,LIQUIDITY_SWEEP,trending_down,0.0035,0.0000,0,0,0,,,,,n/a
A2U6,LIQUIDITY_SWEEP,ranging,0.0035,0.0000,0,0,0,,,,,n/a
A2U6,LIQUIDITY_SWEEP,high_vol,0.0035,0.0000,0,0,0,,,,,n/a
A2U6,LIQUIDITY_SWEEP,low_vol,0.0035,0.0000,1,1,0,,,,,n/a
A2U6,LIQUIDITY_SWEEP,stress,0.0035,0.0000,0,0,0,,,,,n/a
A2U6,LEVEL_QUALITY,ALL,0.0035,0.0000,0,0,0,,,,,n/a
A2U6,LEVEL_QUALITY,trending_up,0.0035,0.0000,0,0,0,,,,,n/a
A2U6,LEVEL_QUALITY,trending_down,0.0035,0.0000,0,0,0,,,,,n/a
A2U6,LEVEL_QUALITY,ranging,0.0035,0.0000,0,0,0,,,,,n/a
A2U6,LEVEL_QUALITY,high_vol,0.0035,0.0000,0,0,0,,,,,n/a
A2U6,LEVEL_QUALITY,low_vol,0.0035,0.0000,0,0,0,,,,,n/a
A2U6,LEVEL_QUALITY,stress,0.0035,0.0000,0,0,0,,,,,n/a
A2U6,ALLIGATOR_CLASSIC,ALL,0.0035,0.0000,5,3,2,-295.1189693259719,8.668834021614922,0.0,-1.422677905782766,anti
A2U6,ALLIGATOR_CLASSIC,trending_up,0.0035,0.0000,0,0,0,,,,,n/a
A2U6,ALLIGATOR_CLASSIC,trending_down,0.0035,0.0000,0,0,0,,,,,n/a
A2U6,ALLIGATOR_CLASSIC,ranging,0.0035,0.0000,0,0,0,,,,,n/a
A2U6,ALLIGATOR_CLASSIC,high_vol,0.0035,0.0000,0,0,0,,,,,n/a
A2U6,ALLIGATOR_CLASSIC,low_vol,0.0035,0.0000,4,2,2,-188.1329994435173,8.668834021614922,0.0,-1.0664279702497652,anti
A2U6,ALLIGATOR_CLASSIC,stress,0.0035,0.0000,1,1,0,,,,,n/a
A2U6,ICHIMOKU_CLASSIC,ALL,0.0035,0.0000,18,9,9,-216.45004184907725,5.206649467468305,0.16666666666666666,-1.1345063208302562,anti
A2U6,ICHIMOKU_CLASSIC,trending_up,0.0035,0.0000,0,0,0,,,,,n/a
A2U6,ICHIMOKU_CLASSIC,trending_down,0.0035,0.0000,0,0,0,,,,,n/a
A2U6,ICHIMOKU_CLASSIC,ranging,0.0035,0.0000,0,0,0,,,,,n/a
A2U6,ICHIMOKU_CLASSIC,high_vol,0.0035,0.0000,1,1,0,,,,,n/a
A2U6,ICHIMOKU_CLASSIC,low_vol,0.0035,0.0000,16,7,9,-97.94659060250811,5.206649467468305,0.1875,-1.0368326484388328,anti
A2U6,ICHIMOKU_CLASSIC,stress,0.0035,0.0000,1,1,0,,,,,n/a
A2U6,MA_TENSION_CLASSIC,ALL,0.0035,0.0000,15,9,6,-215.74013743580804,5.293517034451363,0.26666666666666666,-1.017489043305409,anti
A2U6,MA_TENSION_CLASSIC,trending_up,0.0035,0.0000,0,0,0,,,,,n/a
A2U6,MA_TENSION_CLASSIC,trending_down,0.0035,0.0000,0,0,0,,,,,n/a
A2U6,MA_TENSION_CLASSIC,ranging,0.0035,0.0000,0,0,0,,,,,n/a
A2U6,MA_TENSION_CLASSIC,high_vol,0.0035,0.0000,1,1,0,,,,,n/a
A2U6,MA_TENSION_CLASSIC,low_vol,0.0035,0.0000,13,7,6,-97.03385635687629,5.293517034451363,0.3076923076923077,-0.9077455092225801,anti
A2U6,MA_TENSION_CLASSIC,stress,0.0035,0.0000,1,1,0,,,,,n/a
A2U6,MAMA_FAMA_CLASSIC,ALL,0.0035,0.0000,13,7,6,-169.82953558744816,5.132489351762496,0.3076923076923077,-1.1314245523878161,anti
A2U6,MAMA_FAMA_CLASSIC,trending_up,0.0035,0.0000,0,0,0,,,,,n/a
A2U6,MAMA_FAMA_CLASSIC,trending_down,0.0035,0.0000,0,0,0,,,,,n/a
A2U6,MAMA_FAMA_CLASSIC,ranging,0.0035,0.0000,0,0,0,,,,,n/a
A2U6,MAMA_FAMA_CLASSIC,high_vol,0.0035,0.0000,0,0,0,,,,,n/a
A2U6,MAMA_FAMA_CLASSIC,low_vol,0.0035,0.0000,12,6,6,-113.28597333687605,5.132489351762496,0.3333333333333333,-1.0435751542408813,anti
A2U6,MAMA_FAMA_CLASSIC,stress,0.0035,0.0000,1,1,0,,,,,n/a
A2U6,ADAPTIVE_MA_CLASSIC,ALL,0.0035,0.0000,16,8,8,-236.59207113878935,-1.4568322984499593,0.25,-1.150450956096061,anti
A2U6,ADAPTIVE_MA_CLASSIC,trending_up,0.0035,0.0000,0,0,0,,,,,n/a
A2U6,ADAPTIVE_MA_CLASSIC,trending_down,0.0035,0.0000,0,0,0,,,,,n/a
A2U6,ADAPTIVE_MA_CLASSIC,ranging,0.0035,0.0000,0,0,0,,,,,n/a
A2U6,ADAPTIVE_MA_CLASSIC,high_vol,0.0035,0.0000,1,1,0,,,,,n/a
A2U6,ADAPTIVE_MA_CLASSIC,low_vol,0.0035,0.0000,14,6,8,-105.05205444769605,-1.4568322984499593,0.2857142857142857,-0.960021332675307,anti
A2U6,ADAPTIVE_MA_CLASSIC,stress,0.0035,0.0000,1,1,0,,,,,n/a
A2U6,ZLEMA_CLASSIC,ALL,0.0035,0.0000,16,9,7,-138.58475061184544,-40.21123483842616,0.5,-0.43695214485446343,anti
A2U6,ZLEMA_CLASSIC,trending_up,0.0035,0.0000,0,0,0,,,,,n/a
A2U6,ZLEMA_CLASSIC,trending_down,0.0035,0.0000,0,0,0,,,,,n/a
A2U6,ZLEMA_CLASSIC,ranging,0.0035,0.0000,0,0,0,,,,,n/a
A2U6,ZLEMA_CLASSIC,high_vol,0.0035,0.0000,1,1,0,,,,,n/a
A2U6,ZLEMA_CLASSIC,low_vol,0.0035,0.0000,14,7,7,2.165926702504264,-40.21123483842616,0.5714285714285714,0.6217882485026467,signal
A2U6,ZLEMA_CLASSIC,stress,0.0035,0.0000,1,1,0,,,,,n/a
A2U6,T3_CLASSIC,ALL,0.0035,0.0000,13,5,8,-148.6287514106295,-81.7681638169563,0.5384615384615384,-0.28404226743039673,anti
A2U6,T3_CLASSIC,trending_up,0.0035,0.0000,0,0,0,,,,,n/a
A2U6,T3_CLASSIC,trending_down,0.0035,0.0000,0,0,0,,,,,n/a
A2U6,T3_CLASSIC,ranging,0.0035,0.0000,0,0,0,,,,,n/a
A2U6,T3_CLASSIC,high_vol,0.0035,0.0000,1,1,0,,,,,n/a
A2U6,T3_CLASSIC,low_vol,0.0035,0.0000,12,4,8,2.547394070027482,-81.7681638169563,0.5833333333333334,0.6829774740819395,signal
A2U6,T3_CLASSIC,stress,0.0035,0.0000,0,0,0,,,,,n/a
92M6,PRICE_TREND,ALL,0.0747,0.0000,0,0,0,,,,,n/a
92M6,PRICE_TREND,trending_up,0.0747,0.0000,0,0,0,,,,,n/a
92M6,PRICE_TREND,trending_down,0.0747,0.0000,0,0,0,,,,,n/a
92M6,PRICE_TREND,ranging,0.0747,0.0000,0,0,0,,,,,n/a
92M6,PRICE_TREND,high_vol,0.0747,0.0000,0,0,0,,,,,n/a
92M6,PRICE_TREND,low_vol,0.0747,0.0000,0,0,0,,,,,n/a
92M6,PRICE_TREND,stress,0.0747,0.0000,0,0,0,,,,,n/a
92M6,VOL_MOMENTUM,ALL,0.0747,0.0000,27,22,5,-3.558849158592239,-3.7671147082911793,0.48148148148148145,0.014133666870928348,noise
92M6,VOL_MOMENTUM,trending_up,0.0747,0.0000,0,0,0,,,,,n/a
92M6,VOL_MOMENTUM,trending_down,0.0747,0.0000,6,5,1,,,,,n/a
92M6,VOL_MOMENTUM,ranging,0.0747,0.0000,10,6,4,-12.870035239907779,-7.061834561834562,0.3,-0.34388233199110063,anti
92M6,VOL_MOMENTUM,high_vol,0.0747,0.0000,0,0,0,,,,,n/a
92M6,VOL_MOMENTUM,low_vol,0.0747,0.0000,1,1,0,,,,,n/a
92M6,VOL_MOMENTUM,stress,0.0747,0.0000,10,10,0,,,,,n/a
92M6,VWAP_SIGNAL,ALL,0.0747,0.0000,26,16,10,-32.153890022232595,-144.08670416935882,0.2692307692307692,0.38544239292692484,signal
92M6,VWAP_SIGNAL,trending_up,0.0747,0.0000,0,0,0,,,,,n/a
92M6,VWAP_SIGNAL,trending_down,0.0747,0.0000,4,2,2,0.9966835398847969,-5.390583671310175,0.5,0.5437981168055878,signal
92M6,VWAP_SIGNAL,ranging,0.0747,0.0000,12,8,4,-59.916642748394985,-368.7890027958993,0.25,0.7551144073182424,signal
92M6,VWAP_SIGNAL,high_vol,0.0747,0.0000,0,0,0,,,,,n/a
92M6,VWAP_SIGNAL,low_vol,0.0747,0.0000,1,0,1,,,,,n/a
92M6,VWAP_SIGNAL,stress,0.0747,0.0000,9,6,3,-6.187077574721877,6.595705988235076,0.2222222222222222,-1.1161926398103816,anti
92M6,BS_PRESSURE,ALL,0.0747,0.0000,0,0,0,,,,,n/a
92M6,BS_PRESSURE,trending_up,0.0747,0.0000,0,0,0,,,,,n/a
92M6,BS_PRESSURE,trending_down,0.0747,0.0000,0,0,0,,,,,n/a
92M6,BS_PRESSURE,ranging,0.0747,0.0000,0,0,0,,,,,n/a
92M6,BS_PRESSURE,high_vol,0.0747,0.0000,0,0,0,,,,,n/a
92M6,BS_PRESSURE,low_vol,0.0747,0.0000,0,0,0,,,,,n/a
92M6,BS_PRESSURE,stress,0.0747,0.0000,0,0,0,,,,,n/a
92M6,CANDLE_PATTERN,ALL,0.0747,0.0000,31,4,27,-7.55737736076593,-71.89866533252687,0.5483870967741935,0.23860563559956452,signal
92M6,CANDLE_PATTERN,trending_up,0.0747,0.0000,0,0,0,,,,,n/a
92M6,CANDLE_PATTERN,trending_down,0.0747,0.0000,6,0,6,,,,,n/a
92M6,CANDLE_PATTERN,ranging,0.0747,0.0000,14,0,14,,,,,n/a
92M6,CANDLE_PATTERN,high_vol,0.0747,0.0000,0,0,0,,,,,n/a
92M6,CANDLE_PATTERN,low_vol,0.0747,0.0000,1,0,1,,,,,n/a
92M6,CANDLE_PATTERN,stress,0.0747,0.0000,10,4,6,-7.55737736076593,3.2798286810033273,0.4,-0.9544945198711726,anti
92M6,TALIB_ANTISIGNAL,ALL,0.0747,0.0000,5,3,2,4.528740077446737,-14.947148205241135,0.8,1.286760916853683,signal
92M6,TALIB_ANTISIGNAL,trending_up,0.0747,0.0000,0,0,0,,,,,n/a
92M6,TALIB_ANTISIGNAL,trending_down,0.0747,0.0000,0,0,0,,,,,n/a
92M6,TALIB_ANTISIGNAL,ranging,0.0747,0.0000,1,1,0,,,,,n/a
92M6,TALIB_ANTISIGNAL,high_vol,0.0747,0.0000,0,0,0,,,,,n/a
92M6,TALIB_ANTISIGNAL,low_vol,0.0747,0.0000,0,0,0,,,,,n/a
92M6,TALIB_ANTISIGNAL,stress,0.0747,0.0000,4,2,2,6.522839845899835,-14.947148205241135,0.75,1.1788515554786398,signal
92M6,ADAPTIVE_MA,ALL,0.0747,0.0000,9,2,7,-2.5092436974789916,-1.1096137700499666,0.2222222222222222,-0.09133817855829304,anti
92M6,ADAPTIVE_MA,trending_up,0.0747,0.0000,0,0,0,,,,,n/a
92M6,ADAPTIVE_MA,trending_down,0.0747,0.0000,3,0,3,,,,,n/a
92M6,ADAPTIVE_MA,ranging,0.0747,0.0000,3,2,1,,,,,n/a
92M6,ADAPTIVE_MA,high_vol,0.0747,0.0000,0,0,0,,,,,n/a
92M6,ADAPTIVE_MA,low_vol,0.0747,0.0000,0,0,0,,,,,n/a
92M6,ADAPTIVE_MA,stress,0.0747,0.0000,3,0,3,,,,,n/a
92M6,TREND_QUALITY,ALL,0.0747,0.0000,0,0,0,,,,,n/a
92M6,TREND_QUALITY,trending_up,0.0747,0.0000,0,0,0,,,,,n/a
92M6,TREND_QUALITY,trending_down,0.0747,0.0000,0,0,0,,,,,n/a
92M6,TREND_QUALITY,ranging,0.0747,0.0000,0,0,0,,,,,n/a
92M6,TREND_QUALITY,high_vol,0.0747,0.0000,0,0,0,,,,,n/a
92M6,TREND_QUALITY,low_vol,0.0747,0.0000,0,0,0,,,,,n/a
92M6,TREND_QUALITY,stress,0.0747,0.0000,0,0,0,,,,,n/a
92M6,FRACTAL,ALL,0.0747,0.0000,0,0,0,,,,,n/a
92M6,FRACTAL,trending_up,0.0747,0.0000,0,0,0,,,,,n/a
92M6,FRACTAL,trending_down,0.0747,0.0000,0,0,0,,,,,n/a
92M6,FRACTAL,ranging,0.0747,0.0000,0,0,0,,,,,n/a
92M6,FRACTAL,high_vol,0.0747,0.0000,0,0,0,,,,,n/a
92M6,FRACTAL,low_vol,0.0747,0.0000,0,0,0,,,,,n/a
92M6,FRACTAL,stress,0.0747,0.0000,0,0,0,,,,,n/a
92M6,ENTROPY,ALL,0.0747,0.0000,10,10,0,,,,,n/a
92M6,ENTROPY,trending_up,0.0747,0.0000,0,0,0,,,,,n/a
92M6,ENTROPY,trending_down,0.0747,0.0000,2,2,0,,,,,n/a
92M6,ENTROPY,ranging,0.0747,0.0000,3,3,0,,,,,n/a
92M6,ENTROPY,high_vol,0.0747,0.0000,0,0,0,,,,,n/a
92M6,ENTROPY,low_vol,0.0747,0.0000,0,0,0,,,,,n/a
92M6,ENTROPY,stress,0.0747,0.0000,5,5,0,,,,,n/a
92M6,FISHER_RSI,ALL,0.0747,0.0000,9,7,2,-10.551229940129113,-743.448275862069,0.5555555555555556,1.9115707338319168,signal
92M6,FISHER_RSI,trending_up,0.0747,0.0000,0,0,0,,,,,n/a
92M6,FISHER_RSI,trending_down,0.0747,0.0000,2,2,0,,,,,n/a
92M6,FISHER_RSI,ranging,0.0747,0.0000,4,2,2,-32.30677456167652,-743.448275862069,0.5,0.9921995839862342,signal
92M6,FISHER_RSI,high_vol,0.0747,0.0000,0,0,0,,,,,n/a
92M6,FISHER_RSI,low_vol,0.0747,0.0000,0,0,0,,,,,n/a
92M6,FISHER_RSI,stress,0.0747,0.0000,3,3,0,,,,,n/a
92M6,KLINGER,ALL,0.0747,0.0000,22,19,3,-100.91384318244336,3.254467984727322,0.4090909090909091,-0.3253661473945058,anti
92M6,KLINGER,trending_up,0.0747,0.0000,0,0,0,,,,,n/a
92M6,KLINGER,trending_down,0.0747,0.0000,5,5,0,,,,,n/a
92M6,KLINGER,ranging,0.0747,0.0000,8,8,0,,,,,n/a
92M6,KLINGER,high_vol,0.0747,0.0000,0,0,0,,,,,n/a
92M6,KLINGER,low_vol,0.0747,0.0000,0,0,0,,,,,n/a
92M6,KLINGER,stress,0.0747,0.0000,9,6,3,-3.5344664090138114,3.254467984727322,0.4444444444444444,-0.5149308889660094,anti
92M6,VZO,ALL,0.0747,0.0000,28,10,18,-1.9032948369684841,-106.75164178611011,0.6071428571428571,0.37428362193276526,signal
92M6,VZO,trending_up,0.0747,0.0000,0,0,0,,,,,n/a
92M6,VZO,trending_down,0.0747,0.0000,6,1,5,,,,,n/a
92M6,VZO,ranging,0.0747,0.0000,12,2,10,-1.356521739130435,-192.09037328297813,0.75,0.4405029682924652,signal
92M6,VZO,high_vol,0.0747,0.0000,0,0,0,,,,,n/a
92M6,VZO,low_vol,0.0747,0.0000,0,0,0,,,,,n/a
92M6,VZO,stress,0.0747,0.0000,10,7,3,-2.731949029882997,2.8577019507124075,0.5,-0.4476130952100295,anti
92M6,DONCHIAN,ALL,0.0747,0.0000,21,7,14,-57.298491005848426,-103.79148971883264,0.3333333333333333,0.14083509446034695,signal
92M6,DONCHIAN,trending_up,0.0747,0.0000,0,0,0,,,,,n/a
92M6,DONCHIAN,trending_down,0.0747,0.0000,5,2,3,-5.390583671310175,1.083742904996573,0.4,-0.6750361941865495,anti
92M6,DONCHIAN,ranging,0.0747,0.0000,9,3,6,-138.12107279693487,-246.16040315068446,0.3333333333333333,0.21173639488514015,signal
92M6,DONCHIAN,high_vol,0.0747,0.0000,0,0,0,,,,,n/a
92M6,DONCHIAN,low_vol,0.0747,0.0000,1,1,0,,,,,n/a
92M6,DONCHIAN,stress,0.0747,0.0000,6,1,5,,,,,n/a
92M6,ADX_DI_CONVERGENCE,ALL,0.0747,0.0000,0,0,0,,,,,n/a
92M6,ADX_DI_CONVERGENCE,trending_up,0.0747,0.0000,0,0,0,,,,,n/a
92M6,ADX_DI_CONVERGENCE,trending_down,0.0747,0.0000,0,0,0,,,,,n/a
92M6,ADX_DI_CONVERGENCE,ranging,0.0747,0.0000,0,0,0,,,,,n/a
92M6,ADX_DI_CONVERGENCE,high_vol,0.0747,0.0000,0,0,0,,,,,n/a
92M6,ADX_DI_CONVERGENCE,low_vol,0.0747,0.0000,0,0,0,,,,,n/a
92M6,ADX_DI_CONVERGENCE,stress,0.0747,0.0000,0,0,0,,,,,n/a
92M6,ULT_OSC_DISAGREEMENT,ALL,0.0747,0.0000,10,0,10,,,,,n/a
92M6,ULT_OSC_DISAGREEMENT,trending_up,0.0747,0.0000,0,0,0,,,,,n/a
92M6,ULT_OSC_DISAGREEMENT,trending_down,0.0747,0.0000,2,0,2,,,,,n/a
92M6,ULT_OSC_DISAGREEMENT,ranging,0.0747,0.0000,5,0,5,,,,,n/a
92M6,ULT_OSC_DISAGREEMENT,high_vol,0.0747,0.0000,0,0,0,,,,,n/a
92M6,ULT_OSC_DISAGREEMENT,low_vol,0.0747,0.0000,0,0,0,,,,,n/a
92M6,ULT_OSC_DISAGREEMENT,stress,0.0747,0.0000,3,0,3,,,,,n/a
92M6,TWIGGS,ALL,0.0747,0.0000,26,14,12,-4.742695304269485,-157.66918412760612,0.5384615384615384,0.5365608549305063,signal
92M6,TWIGGS,trending_up,0.0747,0.0000,0,0,0,,,,,n/a
92M6,TWIGGS,trending_down,0.0747,0.0000,6,3,3,-3.215471856523568,1.083742904996573,0.5,-0.492867559473756,anti
92M6,TWIGGS,ranging,0.0747,0.0000,12,5,7,-12.200344808897738,-271.87872816838336,0.5833333333333334,0.6247301727283943,signal
92M6,TWIGGS,high_vol,0.0747,0.0000,0,0,0,,,,,n/a
92M6,TWIGGS,low_vol,0.0747,0.0000,1,1,0,,,,,n/a
92M6,TWIGGS,stress,0.0747,0.0000,7,5,2,-4.20652270272758,3.9348294662102195,0.42857142857142855,-0.5349032625231555,anti
92M6,RMI,ALL,0.0747,0.0000,26,16,10,-26.2656264362832,-6.080377435390485,0.5384615384615384,-0.306025164471697,anti
92M6,RMI,trending_up,0.0747,0.0000,0,0,0,,,,,n/a
92M6,RMI,trending_down,0.0747,0.0000,5,3,2,-3.215471856523568,-3.080267995446317,0.6,-0.0165458239373086,noise
92M6,RMI,ranging,0.0747,0.0000,11,7,4,-60.18190414039434,-13.860599993933327,0.2727272727272727,-0.46978720493526593,anti
92M6,RMI,high_vol,0.0747,0.0000,0,0,0,,,,,n/a
92M6,RMI,low_vol,0.0747,0.0000,1,1,0,,,,,n/a
92M6,RMI,stress,0.0747,0.0000,9,5,4,-2.922659459224937,0.19979040318027275,0.7777777777777778,-0.23174608910141273,anti
92M6,ZSCORE,ALL,0.0747,0.0000,8,6,2,-13.710224790774747,-15.950016550810988,0.375,0.09276711265700234,signal
92M6,ZSCORE,trending_up,0.0747,0.0000,0,0,0,,,,,n/a
92M6,ZSCORE,trending_down,0.0747,0.0000,1,0,1,,,,,n/a
92M6,ZSCORE,ranging,0.0747,0.0000,4,4,0,,,,,n/a
92M6,ZSCORE,high_vol,0.0747,0.0000,0,0,0,,,,,n/a
92M6,ZSCORE,low_vol,0.0747,0.0000,0,0,0,,,,,n/a
92M6,ZSCORE,stress,0.0747,0.0000,3,2,1,,,,,n/a
92M6,ZLEMA_SIGNAL,ALL,0.0747,0.0000,20,12,8,-11.924940670837252,1.4482365371692216,0.25,-0.855654731811965,anti
92M6,ZLEMA_SIGNAL,trending_up,0.0747,0.0000,0,0,0,,,,,n/a
92M6,ZLEMA_SIGNAL,trending_down,0.0747,0.0000,2,2,0,,,,,n/a
92M6,ZLEMA_SIGNAL,ranging,0.0747,0.0000,9,6,3,-15.311079220082197,-13.42301822061942,0.3333333333333333,-0.11181753658593727,anti
92M6,ZLEMA_SIGNAL,high_vol,0.0747,0.0000,0,0,0,,,,,n/a
92M6,ZLEMA_SIGNAL,low_vol,0.0747,0.0000,1,0,1,,,,,n/a
92M6,ZLEMA_SIGNAL,stress,0.0747,0.0000,8,4,4,-7.55737736076593,6.642982022821876,0.25,-1.1636984532953518,anti
92M6,T3_SIGNAL,ALL,0.0747,0.0000,22,13,9,-123.57019441219303,1.0664211674867523,0.22727272727272727,-0.40026997044985435,anti
92M6,T3_SIGNAL,trending_up,0.0747,0.0000,0,0,0,,,,,n/a
92M6,T3_SIGNAL,trending_down,0.0747,0.0000,2,2,0,,,,,n/a
92M6,T3_SIGNAL,ranging,0.0747,0.0000,10,7,3,-221.69521076007047,-12.59486087072294,0.3,-0.44193305613231965,anti
92M6,T3_SIGNAL,high_vol,0.0747,0.0000,0,0,0,,,,,n/a
92M6,T3_SIGNAL,low_vol,0.0747,0.0000,1,0,1,,,,,n/a
92M6,T3_SIGNAL,stress,0.0747,0.0000,9,4,5,-8.38568718788149,4.419870850325012,0.2222222222222222,-1.1024012658480848,anti
92M6,SINEWAVE_SIGNAL,ALL,0.0747,0.0000,27,15,12,-107.12950492437783,-3.6082124994494005,0.3333333333333333,-0.36882822625750816,anti
92M6,SINEWAVE_SIGNAL,trending_up,0.0747,0.0000,0,0,0,,,,,n/a
92M6,SINEWAVE_SIGNAL,trending_down,0.0747,0.0000,5,4,1,,,,,n/a
92M6,SINEWAVE_SIGNAL,ranging,0.0747,0.0000,13,8,5,-194.13392669901228,-20.01853756376495,0.46153846153846156,-0.42618541230785917,anti
92M6,SINEWAVE_SIGNAL,high_vol,0.0747,0.0000,0,0,0,,,,,n/a
92M6,SINEWAVE_SIGNAL,low_vol,0.0747,0.0000,1,0,1,,,,,n/a
92M6,SINEWAVE_SIGNAL,stress,0.0747,0.0000,8,3,5,-12.268782359295265,4.419870850325012,0.125,-1.4793372320856426,anti
92M6,SSA_SIGNAL,ALL,0.0747,0.0000,11,11,0,,,,,n/a
92M6,SSA_SIGNAL,trending_up,0.0747,0.0000,0,0,0,,,,,n/a
92M6,SSA_SIGNAL,trending_down,0.0747,0.0000,0,0,0,,,,,n/a
92M6,SSA_SIGNAL,ranging,0.0747,0.0000,6,6,0,,,,,n/a
92M6,SSA_SIGNAL,high_vol,0.0747,0.0000,0,0,0,,,,,n/a
92M6,SSA_SIGNAL,low_vol,0.0747,0.0000,0,0,0,,,,,n/a
92M6,SSA_SIGNAL,stress,0.0747,0.0000,5,5,0,,,,,n/a
92M6,NADARAYA_WATSON,ALL,0.0747,0.0000,25,25,0,,,,,n/a
92M6,NADARAYA_WATSON,trending_up,0.0747,0.0000,0,0,0,,,,,n/a
92M6,NADARAYA_WATSON,trending_down,0.0747,0.0000,5,5,0,,,,,n/a
92M6,NADARAYA_WATSON,ranging,0.0747,0.0000,10,10,0,,,,,n/a
92M6,NADARAYA_WATSON,high_vol,0.0747,0.0000,0,0,0,,,,,n/a
92M6,NADARAYA_WATSON,low_vol,0.0747,0.0000,1,1,0,,,,,n/a
92M6,NADARAYA_WATSON,stress,0.0747,0.0000,9,9,0,,,,,n/a
92M6,FRACTIONAL_DIFF,ALL,0.0747,0.0000,22,20,2,-98.8294992578146,-1.9660166495609532,0.36363636363636365,-0.3024625809408523,anti
92M6,FRACTIONAL_DIFF,trending_up,0.0747,0.0000,0,0,0,,,,,n/a
92M6,FRACTIONAL_DIFF,trending_down,0.0747,0.0000,5,5,0,,,,,n/a
92M6,FRACTIONAL_DIFF,ranging,0.0747,0.0000,11,10,1,,,,,n/a
92M6,FRACTIONAL_DIFF,high_vol,0.0747,0.0000,0,0,0,,,,,n/a
92M6,FRACTIONAL_DIFF,low_vol,0.0747,0.0000,0,0,0,,,,,n/a
92M6,FRACTIONAL_DIFF,stress,0.0747,0.0000,6,5,1,,,,,n/a
92M6,HAWKES_SIGNAL,ALL,0.0747,0.0000,31,12,19,-0.9268313049963108,-103.17744725059654,0.6129032258064516,0.3849350227385156,signal
92M6,HAWKES_SIGNAL,trending_up,0.0747,0.0000,0,0,0,,,,,n/a
92M6,HAWKES_SIGNAL,trending_down,0.0747,0.0000,6,1,5,,,,,n/a
92M6,HAWKES_SIGNAL,ranging,0.0747,0.0000,14,5,9,-13.583222697077534,-212.43496162135577,0.5714285714285714,0.5079420859840951,signal
92M6,HAWKES_SIGNAL,high_vol,0.0747,0.0000,0,0,0,,,,,n/a
92M6,HAWKES_SIGNAL,low_vol,0.0747,0.0000,1,1,0,,,,,n/a
92M6,HAWKES_SIGNAL,stress,0.0747,0.0000,10,5,5,4.419870850325012,-6.529978321733763,0.7,0.9728862460504545,signal
92M6,VSA,ALL,0.0747,0.0000,4,2,2,-0.6044877566513072,-0.343764817449028,0.5,-0.06570834336778573,anti
92M6,VSA,trending_up,0.0747,0.0000,0,0,0,,,,,n/a
92M6,VSA,trending_down,0.0747,0.0000,0,0,0,,,,,n/a
92M6,VSA,ranging,0.0747,0.0000,1,0,1,,,,,n/a
92M6,VSA,high_vol,0.0747,0.0000,0,0,0,,,,,n/a
92M6,VSA,low_vol,0.0747,0.0000,0,0,0,,,,,n/a
92M6,VSA,stress,0.0747,0.0000,3,2,1,,,,,n/a
92M6,WICK_REJECTION,ALL,0.0747,0.0000,7,1,6,,,,,n/a
92M6,WICK_REJECTION,trending_up,0.0747,0.0000,0,0,0,,,,,n/a
92M6,WICK_REJECTION,trending_down,0.0747,0.0000,3,1,2,,,,,n/a
92M6,WICK_REJECTION,ranging,0.0747,0.0000,2,0,2,,,,,n/a
92M6,WICK_REJECTION,high_vol,0.0747,0.0000,0,0,0,,,,,n/a
92M6,WICK_REJECTION,low_vol,0.0747,0.0000,1,0,1,,,,,n/a
92M6,WICK_REJECTION,stress,0.0747,0.0000,1,0,1,,,,,n/a
92M6,TRIANGLE,ALL,0.0747,0.0000,1,0,1,,,,,n/a
92M6,TRIANGLE,trending_up,0.0747,0.0000,0,0,0,,,,,n/a
92M6,TRIANGLE,trending_down,0.0747,0.0000,0,0,0,,,,,n/a
92M6,TRIANGLE,ranging,0.0747,0.0000,0,0,0,,,,,n/a
92M6,TRIANGLE,high_vol,0.0747,0.0000,0,0,0,,,,,n/a
92M6,TRIANGLE,low_vol,0.0747,0.0000,0,0,0,,,,,n/a
92M6,TRIANGLE,stress,0.0747,0.0000,1,0,1,,,,,n/a
92M6,PRICE_ACCEL,ALL,0.0747,0.0000,19,8,11,-9.18913432605969,2.633535060386194,0.3684210526315789,-0.9365847978913724,anti
92M6,PRICE_ACCEL,trending_up,0.0747,0.0000,0,0,0,,,,,n/a
92M6,PRICE_ACCEL,trending_down,0.0747,0.0000,2,2,0,,,,,n/a
92M6,PRICE_ACCEL,ranging,0.0747,0.0000,7,2,5,-12.733990147783253,-4.093135825871762,0.5714285714285714,-0.642611942938638,anti
92M6,PRICE_ACCEL,high_vol,0.0747,0.0000,0,0,0,,,,,n/a
92M6,PRICE_ACCEL,low_vol,0.0747,0.0000,1,0,1,,,,,n/a
92M6,PRICE_ACCEL,stress,0.0747,0.0000,9,4,5,-8.898735106395828,4.830309185136482,0.2222222222222222,-1.217519311679011,anti
92M6,CUMUL_DELTA,ALL,0.0747,0.0000,30,20,10,-6.356821500723945,-186.96400622747353,0.5,0.693781041713374,signal
92M6,CUMUL_DELTA,trending_up,0.0747,0.0000,0,0,0,,,,,n/a
92M6,CUMUL_DELTA,trending_down,0.0747,0.0000,6,4,2,-4.235425833378246,5.273258239465999,0.3333333333333333,-1.3075851495797044,anti
92M6,CUMUL_DELTA,ranging,0.0747,0.0000,14,7,7,-14.87382330908352,-267.95914355914357,0.42857142857142855,0.6642447030354197,signal
92M6,CUMUL_DELTA,high_vol,0.0747,0.0000,0,0,0,,,,,n/a
92M6,CUMUL_DELTA,low_vol,0.0747,0.0000,0,0,0,,,,,n/a
92M6,CUMUL_DELTA,stress,0.0747,0.0000,10,9,1,,,,,n/a
92M6,AMT_POC,ALL,0.0747,0.0000,23,0,23,,,,,n/a
92M6,AMT_POC,trending_up,0.0747,0.0000,0,0,0,,,,,n/a
92M6,AMT_POC,trending_down,0.0747,0.0000,3,0,3,,,,,n/a
92M6,AMT_POC,ranging,0.0747,0.0000,11,0,11,,,,,n/a
92M6,AMT_POC,high_vol,0.0747,0.0000,0,0,0,,,,,n/a
92M6,AMT_POC,low_vol,0.0747,0.0000,1,0,1,,,,,n/a
92M6,AMT_POC,stress,0.0747,0.0000,8,0,8,,,,,n/a
92M6,VSA_ABSORPTION,ALL,0.0747,0.0000,0,0,0,,,,,n/a
92M6,VSA_ABSORPTION,trending_up,0.0747,0.0000,0,0,0,,,,,n/a
92M6,VSA_ABSORPTION,trending_down,0.0747,0.0000,0,0,0,,,,,n/a
92M6,VSA_ABSORPTION,ranging,0.0747,0.0000,0,0,0,,,,,n/a
92M6,VSA_ABSORPTION,high_vol,0.0747,0.0000,0,0,0,,,,,n/a
92M6,VSA_ABSORPTION,low_vol,0.0747,0.0000,0,0,0,,,,,n/a
92M6,VSA_ABSORPTION,stress,0.0747,0.0000,0,0,0,,,,,n/a
92M6,CASCADE,ALL,0.0747,0.0000,2,0,2,,,,,n/a
92M6,CASCADE,trending_up,0.0747,0.0000,0,0,0,,,,,n/a
92M6,CASCADE,trending_down,0.0747,0.0000,0,0,0,,,,,n/a
92M6,CASCADE,ranging,0.0747,0.0000,1,0,1,,,,,n/a
92M6,CASCADE,high_vol,0.0747,0.0000,0,0,0,,,,,n/a
92M6,CASCADE,low_vol,0.0747,0.0000,0,0,0,,,,,n/a
92M6,CASCADE,stress,0.0747,0.0000,1,0,1,,,,,n/a
92M6,IMPULSE_PULLBACK,ALL,0.0747,0.0000,19,12,7,-127.65064269434534,-8.185898710111353,0.5263157894736842,-0.35358705716444594,anti
92M6,IMPULSE_PULLBACK,trending_up,0.0747,0.0000,0,0,0,,,,,n/a
92M6,IMPULSE_PULLBACK,trending_down,0.0747,0.0000,5,2,3,2.0307999764885674,-6.622850504480158,0.8,1.4260060007968072,signal
92M6,IMPULSE_PULLBACK,ranging,0.0747,0.0000,6,5,1,,,,,n/a
92M6,IMPULSE_PULLBACK,high_vol,0.0747,0.0000,0,0,0,,,,,n/a
92M6,IMPULSE_PULLBACK,low_vol,0.0747,0.0000,0,0,0,,,,,n/a
92M6,IMPULSE_PULLBACK,stress,0.0747,0.0000,8,5,3,4.23085493736497,-8.66805600958919,0.625,1.0052639433291597,signal
92M6,ELLIOTT_WAVE,ALL,0.0747,0.0000,0,0,0,,,,,n/a
92M6,ELLIOTT_WAVE,trending_up,0.0747,0.0000,0,0,0,,,,,n/a
92M6,ELLIOTT_WAVE,trending_down,0.0747,0.0000,0,0,0,,,,,n/a
92M6,ELLIOTT_WAVE,ranging,0.0747,0.0000,0,0,0,,,,,n/a
92M6,ELLIOTT_WAVE,high_vol,0.0747,0.0000,0,0,0,,,,,n/a
92M6,ELLIOTT_WAVE,low_vol,0.0747,0.0000,0,0,0,,,,,n/a
92M6,ELLIOTT_WAVE,stress,0.0747,0.0000,0,0,0,,,,,n/a
92M6,VPIN_TOXICITY,ALL,0.0747,0.0000,0,0,0,,,,,n/a
92M6,VPIN_TOXICITY,trending_up,0.0747,0.0000,0,0,0,,,,,n/a
92M6,VPIN_TOXICITY,trending_down,0.0747,0.0000,0,0,0,,,,,n/a
92M6,VPIN_TOXICITY,ranging,0.0747,0.0000,0,0,0,,,,,n/a
92M6,VPIN_TOXICITY,high_vol,0.0747,0.0000,0,0,0,,,,,n/a
92M6,VPIN_TOXICITY,low_vol,0.0747,0.0000,0,0,0,,,,,n/a
92M6,VPIN_TOXICITY,stress,0.0747,0.0000,0,0,0,,,,,n/a
92M6,AMIHUD_SHOCK,ALL,0.0747,0.0000,6,3,3,-0.09546435704185112,-32.590481286731716,0.6666666666666666,2.694784231504358,signal
92M6,AMIHUD_SHOCK,trending_up,0.0747,0.0000,0,0,0,,,,,n/a
92M6,AMIHUD_SHOCK,trending_down,0.0747,0.0000,0,0,0,,,,,n/a
92M6,AMIHUD_SHOCK,ranging,0.0747,0.0000,3,1,2,,,,,n/a
92M6,AMIHUD_SHOCK,high_vol,0.0747,0.0000,0,0,0,,,,,n/a
92M6,AMIHUD_SHOCK,low_vol,0.0747,0.0000,0,0,0,,,,,n/a
92M6,AMIHUD_SHOCK,stress,0.0747,0.0000,3,2,1,,,,,n/a
92M6,BIPOWER_JUMP,ALL,0.0747,0.0000,4,4,0,,,,,n/a
92M6,BIPOWER_JUMP,trending_up,0.0747,0.0000,0,0,0,,,,,n/a
92M6,BIPOWER_JUMP,trending_down,0.0747,0.0000,1,1,0,,,,,n/a
92M6,BIPOWER_JUMP,ranging,0.0747,0.0000,2,2,0,,,,,n/a
92M6,BIPOWER_JUMP,high_vol,0.0747,0.0000,0,0,0,,,,,n/a
92M6,BIPOWER_JUMP,low_vol,0.0747,0.0000,0,0,0,,,,,n/a
92M6,BIPOWER_JUMP,stress,0.0747,0.0000,1,1,0,,,,,n/a
92M6,ANCHORED_VWAP,ALL,0.0747,0.0000,14,8,6,-187.21040863334596,6.308822172601072,0.21428571428571427,-0.4924935870006551,anti
92M6,ANCHORED_VWAP,trending_up,0.0747,0.0000,0,0,0,,,,,n/a
92M6,ANCHORED_VWAP,trending_down,0.0747,0.0000,3,2,1,,,,,n/a
92M6,ANCHORED_VWAP,ranging,0.0747,0.0000,6,4,2,-375.12996307682295,6.314285714285714,0.0,-0.6089743767260865,anti
92M6,ANCHORED_VWAP,high_vol,0.0747,0.0000,0,0,0,,,,,n/a
92M6,ANCHORED_VWAP,low_vol,0.0747,0.0000,1,0,1,,,,,n/a
92M6,ANCHORED_VWAP,stress,0.0747,0.0000,4,2,2,0.4216080803773685,6.763124199743919,0.25,-1.7773860459429802,anti
92M6,DFA_REGIME,ALL,0.0747,0.0000,11,5,6,6.095259354424425,-18.153625568268946,0.7272727272727273,1.45985489041569,signal
92M6,DFA_REGIME,trending_up,0.0747,0.0000,0,0,0,,,,,n/a
92M6,DFA_REGIME,trending_down,0.0747,0.0000,2,0,2,,,,,n/a
92M6,DFA_REGIME,ranging,0.0747,0.0000,5,3,2,3.2219505812866807,-33.59147025813692,0.8,2.7510871872704294,signal
92M6,DFA_REGIME,high_vol,0.0747,0.0000,0,0,0,,,,,n/a
92M6,DFA_REGIME,low_vol,0.0747,0.0000,1,1,0,,,,,n/a
92M6,DFA_REGIME,stress,0.0747,0.0000,3,1,2,,,,,n/a
92M6,WANING_IMPULSES,ALL,0.0747,0.0000,16,16,0,,,,,n/a
92M6,WANING_IMPULSES,trending_up,0.0747,0.0000,0,0,0,,,,,n/a
92M6,WANING_IMPULSES,trending_down,0.0747,0.0000,3,3,0,,,,,n/a
92M6,WANING_IMPULSES,ranging,0.0747,0.0000,7,7,0,,,,,n/a
92M6,WANING_IMPULSES,high_vol,0.0747,0.0000,0,0,0,,,,,n/a
92M6,WANING_IMPULSES,low_vol,0.0747,0.0000,1,1,0,,,,,n/a
92M6,WANING_IMPULSES,stress,0.0747,0.0000,5,5,0,,,,,n/a
92M6,VOL_COMPRESSION,ALL,0.0747,0.0000,0,0,0,,,,,n/a
92M6,VOL_COMPRESSION,trending_up,0.0747,0.0000,0,0,0,,,,,n/a
92M6,VOL_COMPRESSION,trending_down,0.0747,0.0000,0,0,0,,,,,n/a
92M6,VOL_COMPRESSION,ranging,0.0747,0.0000,0,0,0,,,,,n/a
92M6,VOL_COMPRESSION,high_vol,0.0747,0.0000,0,0,0,,,,,n/a
92M6,VOL_COMPRESSION,low_vol,0.0747,0.0000,0,0,0,,,,,n/a
92M6,VOL_COMPRESSION,stress,0.0747,0.0000,0,0,0,,,,,n/a
92M6,FALSE_BREAKOUT,ALL,0.0747,0.0000,0,0,0,,,,,n/a
92M6,FALSE_BREAKOUT,trending_up,0.0747,0.0000,0,0,0,,,,,n/a
92M6,FALSE_BREAKOUT,trending_down,0.0747,0.0000,0,0,0,,,,,n/a
92M6,FALSE_BREAKOUT,ranging,0.0747,0.0000,0,0,0,,,,,n/a
92M6,FALSE_BREAKOUT,high_vol,0.0747,0.0000,0,0,0,,,,,n/a
92M6,FALSE_BREAKOUT,low_vol,0.0747,0.0000,0,0,0,,,,,n/a
92M6,FALSE_BREAKOUT,stress,0.0747,0.0000,0,0,0,,,,,n/a
92M6,LEVEL_ABSORPTION,ALL,0.0747,0.0000,0,0,0,,,,,n/a
92M6,LEVEL_ABSORPTION,trending_up,0.0747,0.0000,0,0,0,,,,,n/a
92M6,LEVEL_ABSORPTION,trending_down,0.0747,0.0000,0,0,0,,,,,n/a
92M6,LEVEL_ABSORPTION,ranging,0.0747,0.0000,0,0,0,,,,,n/a
92M6,LEVEL_ABSORPTION,high_vol,0.0747,0.0000,0,0,0,,,,,n/a
92M6,LEVEL_ABSORPTION,low_vol,0.0747,0.0000,0,0,0,,,,,n/a
92M6,LEVEL_ABSORPTION,stress,0.0747,0.0000,0,0,0,,,,,n/a
92M6,ICHIMOKU_SIGNAL,ALL,0.0747,0.0000,2,1,1,,,,,n/a
92M6,ICHIMOKU_SIGNAL,trending_up,0.0747,0.0000,0,0,0,,,,,n/a
92M6,ICHIMOKU_SIGNAL,trending_down,0.0747,0.0000,0,0,0,,,,,n/a
92M6,ICHIMOKU_SIGNAL,ranging,0.0747,0.0000,1,0,1,,,,,n/a
92M6,ICHIMOKU_SIGNAL,high_vol,0.0747,0.0000,0,0,0,,,,,n/a
92M6,ICHIMOKU_SIGNAL,low_vol,0.0747,0.0000,0,0,0,,,,,n/a
92M6,ICHIMOKU_SIGNAL,stress,0.0747,0.0000,1,1,0,,,,,n/a
92M6,BB_KELTNER_SQUEEZE,ALL,0.0747,0.0000,31,14,17,-141.57346588934087,0.6197087664401485,0.2903225806451613,-0.5458536848986294,anti
92M6,BB_KELTNER_SQUEEZE,trending_up,0.0747,0.0000,0,0,0,,,,,n/a
92M6,BB_KELTNER_SQUEEZE,trending_down,0.0747,0.0000,6,2,4,0.9966835398847969,-2.0971384835876448,0.3333333333333333,0.34627024877456763,signal
92M6,BB_KELTNER_SQUEEZE,ranging,0.0747,0.0000,14,8,6,-244.07500851216395,-4.538449996712982,0.21428571428571427,-0.6237877951794848,anti
92M6,BB_KELTNER_SQUEEZE,high_vol,0.0747,0.0000,0,0,0,,,,,n/a
92M6,BB_KELTNER_SQUEEZE,low_vol,0.0747,0.0000,1,0,1,,,,,n/a
92M6,BB_KELTNER_SQUEEZE,stress,0.0747,0.0000,10,4,6,-7.855455358307554,3.478547346031077,0.4,-1.0112957093910746,anti
92M6,MA_ENVELOPE,ALL,0.0747,0.0000,14,6,8,-10.33376259263328,-187.72331373510815,0.5714285714285714,0.4512227056668614,signal
92M6,MA_ENVELOPE,trending_up,0.0747,0.0000,0,0,0,,,,,n/a
92M6,MA_ENVELOPE,trending_down,0.0747,0.0000,3,1,2,,,,,n/a
92M6,MA_ENVELOPE,ranging,0.0747,0.0000,5,2,3,-22.84221525600836,-502.6181737292848,0.4,0.7083927141639906,signal
92M6,MA_ENVELOPE,high_vol,0.0747,0.0000,0,0,0,,,,,n/a
92M6,MA_ENVELOPE,low_vol,0.0747,0.0000,1,0,1,,,,,n/a
92M6,MA_ENVELOPE,stress,0.0747,0.0000,5,3,2,-5.817632272277531,0.8941478627774724,0.6,-0.33826078994172126,anti
92M6,MA_TENSION,ALL,0.0747,0.0000,0,0,0,,,,,n/a
92M6,MA_TENSION,trending_up,0.0747,0.0000,0,0,0,,,,,n/a
92M6,MA_TENSION,trending_down,0.0747,0.0000,0,0,0,,,,,n/a
92M6,MA_TENSION,ranging,0.0747,0.0000,0,0,0,,,,,n/a
92M6,MA_TENSION,high_vol,0.0747,0.0000,0,0,0,,,,,n/a
92M6,MA_TENSION,low_vol,0.0747,0.0000,0,0,0,,,,,n/a
92M6,MA_TENSION,stress,0.0747,0.0000,0,0,0,,,,,n/a
92M6,RSI_DIVERGENCE,ALL,0.0747,0.0000,8,8,0,,,,,n/a
92M6,RSI_DIVERGENCE,trending_up,0.0747,0.0000,0,0,0,,,,,n/a
92M6,RSI_DIVERGENCE,trending_down,0.0747,0.0000,3,3,0,,,,,n/a
92M6,RSI_DIVERGENCE,ranging,0.0747,0.0000,2,2,0,,,,,n/a
92M6,RSI_DIVERGENCE,high_vol,0.0747,0.0000,0,0,0,,,,,n/a
92M6,RSI_DIVERGENCE,low_vol,0.0747,0.0000,0,0,0,,,,,n/a
92M6,RSI_DIVERGENCE,stress,0.0747,0.0000,3,3,0,,,,,n/a
92M6,ATR_EXHAUSTION,ALL,0.0747,0.0000,28,15,13,-125.82453237883526,-7.832714874352543,0.5357142857142857,-0.4243634799280974,anti
92M6,ATR_EXHAUSTION,trending_up,0.0747,0.0000,0,0,0,,,,,n/a
92M6,ATR_EXHAUSTION,trending_down,0.0747,0.0000,6,3,3,-3.215471856523568,1.083742904996573,0.5,-0.492867559473756,anti
92M6,ATR_EXHAUSTION,ranging,0.0747,0.0000,13,7,6,-273.7405364912972,-12.474502106418177,0.46153846153846156,-0.6605991724811775,anti
92M6,ATR_EXHAUSTION,high_vol,0.0747,0.0000,0,0,0,,,,,n/a
92M6,ATR_EXHAUSTION,low_vol,0.0747,0.0000,1,1,0,,,,,n/a
92M6,ATR_EXHAUSTION,stress,0.0747,0.0000,8,4,4,3.2947916145494576,-7.55737736076593,0.625,0.8548390667155868,signal
92M6,ALLIGATOR,ALL,0.0747,0.0000,18,7,11,-56.53121511913448,0.5530983619340462,0.4444444444444444,-0.7671047517840748,anti
92M6,ALLIGATOR,trending_up,0.0747,0.0000,0,0,0,,,,,n/a
92M6,ALLIGATOR,trending_down,0.0747,0.0000,3,1,2,,,,,n/a
92M6,ALLIGATOR,ranging,0.0747,0.0000,10,5,5,-80.04799315910427,-3.596241415933874,0.4,-0.7748036581701095,anti
92M6,ALLIGATOR,high_vol,0.0747,0.0000,0,0,0,,,,,n/a
92M6,ALLIGATOR,low_vol,0.0747,0.0000,1,0,1,,,,,n/a
92M6,ALLIGATOR,stress,0.0747,0.0000,4,1,3,,,,,n/a
92M6,MAMA_FAMA,ALL,0.0747,0.0000,30,10,20,-154.11337546628602,-21.98857417321559,0.43333333333333335,-0.4942124043467423,anti
92M6,MAMA_FAMA,trending_up,0.0747,0.0000,0,0,0,,,,,n/a
92M6,MAMA_FAMA,trending_down,0.0747,0.0000,5,2,3,-3.080267995446317,-3.215471856523568,0.4,0.0165458239373086,noise
92M6,MAMA_FAMA,ranging,0.0747,0.0000,14,4,10,-377.22985241527437,-47.09113584164919,0.5,-0.8890199494523584,anti
92M6,MAMA_FAMA,high_vol,0.0747,0.0000,0,0,0,,,,,n/a
92M6,MAMA_FAMA,low_vol,0.0747,0.0000,1,0,1,,,,,n/a
92M6,MAMA_FAMA,stress,0.0747,0.0000,10,4,6,-6.513452252717493,2.5838786089710357,0.4,-0.7707515018341455,anti
92M6,EHLERS_MODE,ALL,0.0747,0.0000,4,2,2,-4.946809418916381,1.1561181434599157,0.25,-0.9657879017806926,anti
92M6,EHLERS_MODE,trending_up,0.0747,0.0000,0,0,0,,,,,n/a
92M6,EHLERS_MODE,trending_down,0.0747,0.0000,0,0,0,,,,,n/a
92M6,EHLERS_MODE,ranging,0.0747,0.0000,2,2,0,,,,,n/a
92M6,EHLERS_MODE,high_vol,0.0747,0.0000,0,0,0,,,,,n/a
92M6,EHLERS_MODE,low_vol,0.0747,0.0000,0,0,0,,,,,n/a
92M6,EHLERS_MODE,stress,0.0747,0.0000,2,0,2,,,,,n/a
92M6,CYBER_PHASE,ALL,0.0747,0.0000,28,20,8,-96.62918672260852,-4.707448135223936,0.42857142857142855,-0.3264651100623209,anti
92M6,CYBER_PHASE,trending_up,0.0747,0.0000,0,0,0,,,,,n/a
92M6,CYBER_PHASE,trending_down,0.0747,0.0000,4,4,0,,,,,n/a
92M6,CYBER_PHASE,ranging,0.0747,0.0000,13,9,4,-213.87589674423293,-16.536924344873253,0.3076923076923077,-0.4833840161294512,anti
92M6,CYBER_PHASE,high_vol,0.0747,0.0000,0,0,0,,,,,n/a
92M6,CYBER_PHASE,low_vol,0.0747,0.0000,1,0,1,,,,,n/a
92M6,CYBER_PHASE,stress,0.0747,0.0000,10,7,3,-1.965090112402962,1.0683644765923248,0.5,-0.238530757652791,anti
92M6,FVG,ALL,0.0747,0.0000,18,14,4,1.096479066497874,-23.427322674260772,0.6666666666666666,1.7701127330056823,signal
92M6,FVG,trending_up,0.0747,0.0000,0,0,0,,,,,n/a
92M6,FVG,trending_down,0.0747,0.0000,4,3,1,,,,,n/a
92M6,FVG,ranging,0.0747,0.0000,6,4,2,-9.062407505357537,-23.483245149911816,0.3333333333333333,0.6991341001876669,signal
92M6,FVG,high_vol,0.0747,0.0000,0,0,0,,,,,n/a
92M6,FVG,low_vol,0.0747,0.0000,1,1,0,,,,,n/a
92M6,FVG,stress,0.0747,0.0000,7,6,1,,,,,n/a
92M6,ORDER_BLOCK,ALL,0.0747,0.0000,0,0,0,,,,,n/a
92M6,ORDER_BLOCK,trending_up,0.0747,0.0000,0,0,0,,,,,n/a
92M6,ORDER_BLOCK,trending_down,0.0747,0.0000,0,0,0,,,,,n/a
92M6,ORDER_BLOCK,ranging,0.0747,0.0000,0,0,0,,,,,n/a
92M6,ORDER_BLOCK,high_vol,0.0747,0.0000,0,0,0,,,,,n/a
92M6,ORDER_BLOCK,low_vol,0.0747,0.0000,0,0,0,,,,,n/a
92M6,ORDER_BLOCK,stress,0.0747,0.0000,0,0,0,,,,,n/a
92M6,LIQUIDITY_SWEEP,ALL,0.0747,0.0000,1,1,0,,,,,n/a
92M6,LIQUIDITY_SWEEP,trending_up,0.0747,0.0000,0,0,0,,,,,n/a
92M6,LIQUIDITY_SWEEP,trending_down,0.0747,0.0000,0,0,0,,,,,n/a
92M6,LIQUIDITY_SWEEP,ranging,0.0747,0.0000,0,0,0,,,,,n/a
92M6,LIQUIDITY_SWEEP,high_vol,0.0747,0.0000,0,0,0,,,,,n/a
92M6,LIQUIDITY_SWEEP,low_vol,0.0747,0.0000,0,0,0,,,,,n/a
92M6,LIQUIDITY_SWEEP,stress,0.0747,0.0000,1,1,0,,,,,n/a
92M6,LEVEL_QUALITY,ALL,0.0747,0.0000,4,2,2,-15.177078209542547,-1.356521739130435,0.5,-0.6301788540878266,anti
92M6,LEVEL_QUALITY,trending_up,0.0747,0.0000,0,0,0,,,,,n/a
92M6,LEVEL_QUALITY,trending_down,0.0747,0.0000,1,1,0,,,,,n/a
92M6,LEVEL_QUALITY,ranging,0.0747,0.0000,2,0,2,,,,,n/a
92M6,LEVEL_QUALITY,high_vol,0.0747,0.0000,0,0,0,,,,,n/a
92M6,LEVEL_QUALITY,low_vol,0.0747,0.0000,0,0,0,,,,,n/a
92M6,LEVEL_QUALITY,stress,0.0747,0.0000,1,1,0,,,,,n/a
92M6,ALLIGATOR_CLASSIC,ALL,0.0747,0.0000,8,0,8,,,,,n/a
92M6,ALLIGATOR_CLASSIC,trending_up,0.0747,0.0000,0,0,0,,,,,n/a
92M6,ALLIGATOR_CLASSIC,trending_down,0.0747,0.0000,2,0,2,,,,,n/a
92M6,ALLIGATOR_CLASSIC,ranging,0.0747,0.0000,2,0,2,,,,,n/a
92M6,ALLIGATOR_CLASSIC,high_vol,0.0747,0.0000,0,0,0,,,,,n/a
92M6,ALLIGATOR_CLASSIC,low_vol,0.0747,0.0000,1,0,1,,,,,n/a
92M6,ALLIGATOR_CLASSIC,stress,0.0747,0.0000,3,0,3,,,,,n/a
92M6,ICHIMOKU_CLASSIC,ALL,0.0747,0.0000,28,0,28,,,,,n/a
92M6,ICHIMOKU_CLASSIC,trending_up,0.0747,0.0000,0,0,0,,,,,n/a
92M6,ICHIMOKU_CLASSIC,trending_down,0.0747,0.0000,6,0,6,,,,,n/a
92M6,ICHIMOKU_CLASSIC,ranging,0.0747,0.0000,11,0,11,,,,,n/a
92M6,ICHIMOKU_CLASSIC,high_vol,0.0747,0.0000,0,0,0,,,,,n/a
92M6,ICHIMOKU_CLASSIC,low_vol,0.0747,0.0000,1,0,1,,,,,n/a
92M6,ICHIMOKU_CLASSIC,stress,0.0747,0.0000,10,0,10,,,,,n/a
92M6,MA_TENSION_CLASSIC,ALL,0.0747,0.0000,23,5,18,-300.5378873654926,-3.817427596895849,0.43478260869565216,-1.0472719556984948,anti
92M6,MA_TENSION_CLASSIC,trending_up,0.0747,0.0000,0,0,0,,,,,n/a
92M6,MA_TENSION_CLASSIC,trending_down,0.0747,0.0000,6,0,6,,,,,n/a
92M6,MA_TENSION_CLASSIC,ranging,0.0747,0.0000,10,4,6,-375.0672636654645,-10.741331320922532,0.5,-0.8218778176871683,anti
92M6,MA_TENSION_CLASSIC,high_vol,0.0747,0.0000,0,0,0,,,,,n/a
92M6,MA_TENSION_CLASSIC,low_vol,0.0747,0.0000,1,0,1,,,,,n/a
92M6,MA_TENSION_CLASSIC,stress,0.0747,0.0000,6,1,5,,,,,n/a
92M6,MAMA_FAMA_CLASSIC,ALL,0.0747,0.0000,22,3,19,-13.603356216628526,-0.8882437531299266,0.36363636363636365,-0.8605159993649393,anti
92M6,MAMA_FAMA_CLASSIC,trending_up,0.0747,0.0000,0,0,0,,,,,n/a
92M6,MAMA_FAMA_CLASSIC,trending_down,0.0747,0.0000,5,0,5,,,,,n/a
92M6,MAMA_FAMA_CLASSIC,ranging,0.0747,0.0000,7,1,6,,,,,n/a
92M6,MAMA_FAMA_CLASSIC,high_vol,0.0747,0.0000,0,0,0,,,,,n/a
92M6,MAMA_FAMA_CLASSIC,low_vol,0.0747,0.0000,1,0,1,,,,,n/a
92M6,MAMA_FAMA_CLASSIC,stress,0.0747,0.0000,9,2,7,-13.448512585812356,2.6809814257408635,0.3333333333333333,-1.4174681670468758,anti
92M6,ADAPTIVE_MA_CLASSIC,ALL,0.0747,0.0000,28,6,22,-259.7245780288911,-3.465455744296335,0.35714285714285715,-0.9915175385415317,anti
92M6,ADAPTIVE_MA_CLASSIC,trending_up,0.0747,0.0000,0,0,0,,,,,n/a
92M6,ADAPTIVE_MA_CLASSIC,trending_down,0.0747,0.0000,6,2,4,0.9966835398847969,-2.0971384835876448,0.3333333333333333,0.34627024877456763,signal
92M6,ADAPTIVE_MA_CLASSIC,ranging,0.0747,0.0000,12,3,9,-509.0609801720913,-13.12913676149964,0.5,-1.3445597078869755,anti
92M6,ADAPTIVE_MA_CLASSIC,high_vol,0.0747,0.0000,0,0,0,,,,,n/a
92M6,ADAPTIVE_MA_CLASSIC,low_vol,0.0747,0.0000,1,0,1,,,,,n/a
92M6,ADAPTIVE_MA_CLASSIC,stress,0.0747,0.0000,9,1,8,,,,,n/a
92M6,ZLEMA_CLASSIC,ALL,0.0747,0.0000,23,14,9,-136.0645992370658,-4.291403191467103,0.34782608695652173,-0.42828468894708216,anti
92M6,ZLEMA_CLASSIC,trending_up,0.0747,0.0000,0,0,0,,,,,n/a
92M6,ZLEMA_CLASSIC,trending_down,0.0747,0.0000,5,4,1,,,,,n/a
92M6,ZLEMA_CLASSIC,ranging,0.0747,0.0000,12,7,5,-267.7361441819689,-13.47052713021959,0.3333333333333333,-0.6090885701801239,anti
92M6,ZLEMA_CLASSIC,high_vol,0.0747,0.0000,0,0,0,,,,,n/a
92M6,ZLEMA_CLASSIC,low_vol,0.0747,0.0000,1,0,1,,,,,n/a
92M6,ZLEMA_CLASSIC,stress,0.0747,0.0000,5,3,2,-12.268782359295265,1.1561181434599157,0.2,-0.8674127019437446,anti
92M6,T3_CLASSIC,ALL,0.0747,0.0000,24,13,11,-145.46087275697388,1.2641101481691204,0.2916666666666667,-0.49044828389131584,anti
92M6,T3_CLASSIC,trending_up,0.0747,0.0000,0,0,0,,,,,n/a
92M6,T3_CLASSIC,trending_down,0.0747,0.0000,5,4,1,,,,,n/a
92M6,T3_CLASSIC,ranging,0.0747,0.0000,10,6,4,-310.0399942992536,-6.646145653042205,0.3,-0.6650105269260068,anti
92M6,T3_CLASSIC,high_vol,0.0747,0.0000,0,0,0,,,,,n/a
92M6,T3_CLASSIC,low_vol,0.0747,0.0000,1,0,1,,,,,n/a
92M6,T3_CLASSIC,stress,0.0747,0.0000,8,3,5,-12.268782359295265,2.8144047202109945,0.125,-1.3555235637154537,anti
AAM6,PRICE_TREND,ALL,0.0002,0.0000,1,0,1,,,,,n/a
AAM6,PRICE_TREND,trending_up,0.0002,0.0000,0,0,0,,,,,n/a
AAM6,PRICE_TREND,trending_down,0.0002,0.0000,0,0,0,,,,,n/a
AAM6,PRICE_TREND,ranging,0.0002,0.0000,0,0,0,,,,,n/a
AAM6,PRICE_TREND,high_vol,0.0002,0.0000,0,0,0,,,,,n/a
AAM6,PRICE_TREND,low_vol,0.0002,0.0000,0,0,0,,,,,n/a
AAM6,PRICE_TREND,stress,0.0002,0.0000,1,0,1,,,,,n/a
AAM6,VOL_MOMENTUM,ALL,0.0002,0.0000,30,13,17,-138.33293957926347,-1.7701597417777473,0.5,-0.8528296604900943,anti
AAM6,VOL_MOMENTUM,trending_up,0.0002,0.0000,0,0,0,,,,,n/a
AAM6,VOL_MOMENTUM,trending_down,0.0002,0.0000,7,4,3,-2.1583902835446116,-2.0411058138977016,0.5714285714285714,-0.010671786404455461,noise
AAM6,VOL_MOMENTUM,ranging,0.0002,0.0000,8,3,5,-11.815907522429347,2.84306111640172,0.375,-0.977692257878602,anti
AAM6,VOL_MOMENTUM,high_vol,0.0002,0.0000,4,3,1,,,,,n/a
AAM6,VOL_MOMENTUM,low_vol,0.0002,0.0000,0,0,0,,,,,n/a
AAM6,VOL_MOMENTUM,stress,0.0002,0.0000,11,3,8,-24.142916336922728,-4.529185529792766,0.6363636363636364,-1.2787663952777526,anti
AAM6,VWAP_SIGNAL,ALL,0.0002,0.0000,27,12,15,-88.76753834581571,-8.984444353650622,0.5555555555555556,-0.5693841458486961,anti
AAM6,VWAP_SIGNAL,trending_up,0.0002,0.0000,0,0,0,,,,,n/a
AAM6,VWAP_SIGNAL,trending_down,0.0002,0.0000,6,5,1,,,,,n/a
AAM6,VWAP_SIGNAL,ranging,0.0002,0.0000,7,2,5,0.6034002229654607,-1.5923581793217456,0.5714285714285714,0.2242790738163587,signal
AAM6,VWAP_SIGNAL,high_vol,0.0002,0.0000,3,2,1,,,,,n/a
AAM6,VWAP_SIGNAL,low_vol,0.0002,0.0000,0,0,0,,,,,n/a
AAM6,VWAP_SIGNAL,stress,0.0002,0.0000,11,3,8,1.2628749342483827,-16.20384061995622,0.7272727272727273,0.925670016168635,signal
AAM6,BS_PRESSURE,ALL,0.0002,0.0000,0,0,0,,,,,n/a
AAM6,BS_PRESSURE,trending_up,0.0002,0.0000,0,0,0,,,,,n/a
AAM6,BS_PRESSURE,trending_down,0.0002,0.0000,0,0,0,,,,,n/a
AAM6,BS_PRESSURE,ranging,0.0002,0.0000,0,0,0,,,,,n/a
AAM6,BS_PRESSURE,high_vol,0.0002,0.0000,0,0,0,,,,,n/a
AAM6,BS_PRESSURE,low_vol,0.0002,0.0000,0,0,0,,,,,n/a
AAM6,BS_PRESSURE,stress,0.0002,0.0000,0,0,0,,,,,n/a
AAM6,CANDLE_PATTERN,ALL,0.0002,0.0000,33,4,29,-1.7535154230146706,-64.26621545558042,0.6060606060606061,0.377846685460792,signal
AAM6,CANDLE_PATTERN,trending_up,0.0002,0.0000,0,0,0,,,,,n/a
AAM6,CANDLE_PATTERN,trending_down,0.0002,0.0000,7,1,6,,,,,n/a
AAM6,CANDLE_PATTERN,ranging,0.0002,0.0000,9,0,9,,,,,n/a
AAM6,CANDLE_PATTERN,high_vol,0.0002,0.0000,4,0,4,,,,,n/a
AAM6,CANDLE_PATTERN,low_vol,0.0002,0.0000,0,0,0,,,,,n/a
AAM6,CANDLE_PATTERN,stress,0.0002,0.0000,13,3,10,-1.8857592574869055,-13.630734622890452,0.6153846153846154,0.6475658882947032,signal
AAM6,TALIB_ANTISIGNAL,ALL,0.0002,0.0000,4,1,3,,,,,n/a
AAM6,TALIB_ANTISIGNAL,trending_up,0.0002,0.0000,0,0,0,,,,,n/a
AAM6,TALIB_ANTISIGNAL,trending_down,0.0002,0.0000,1,0,1,,,,,n/a
AAM6,TALIB_ANTISIGNAL,ranging,0.0002,0.0000,0,0,0,,,,,n/a
AAM6,TALIB_ANTISIGNAL,high_vol,0.0002,0.0000,0,0,0,,,,,n/a
AAM6,TALIB_ANTISIGNAL,low_vol,0.0002,0.0000,0,0,0,,,,,n/a
AAM6,TALIB_ANTISIGNAL,stress,0.0002,0.0000,3,1,2,,,,,n/a
AAM6,ADAPTIVE_MA,ALL,0.0002,0.0000,8,1,7,,,,,n/a
AAM6,ADAPTIVE_MA,trending_up,0.0002,0.0000,0,0,0,,,,,n/a
AAM6,ADAPTIVE_MA,trending_down,0.0002,0.0000,2,0,2,,,,,n/a
AAM6,ADAPTIVE_MA,ranging,0.0002,0.0000,2,1,1,,,,,n/a
AAM6,ADAPTIVE_MA,high_vol,0.0002,0.0000,1,0,1,,,,,n/a
AAM6,ADAPTIVE_MA,low_vol,0.0002,0.0000,0,0,0,,,,,n/a
AAM6,ADAPTIVE_MA,stress,0.0002,0.0000,3,0,3,,,,,n/a
AAM6,TREND_QUALITY,ALL,0.0002,0.0000,0,0,0,,,,,n/a
AAM6,TREND_QUALITY,trending_up,0.0002,0.0000,0,0,0,,,,,n/a
AAM6,TREND_QUALITY,trending_down,0.0002,0.0000,0,0,0,,,,,n/a
AAM6,TREND_QUALITY,ranging,0.0002,0.0000,0,0,0,,,,,n/a
AAM6,TREND_QUALITY,high_vol,0.0002,0.0000,0,0,0,,,,,n/a
AAM6,TREND_QUALITY,low_vol,0.0002,0.0000,0,0,0,,,,,n/a
AAM6,TREND_QUALITY,stress,0.0002,0.0000,0,0,0,,,,,n/a
AAM6,FRACTAL,ALL,0.0002,0.0000,0,0,0,,,,,n/a
AAM6,FRACTAL,trending_up,0.0002,0.0000,0,0,0,,,,,n/a
AAM6,FRACTAL,trending_down,0.0002,0.0000,0,0,0,,,,,n/a
AAM6,FRACTAL,ranging,0.0002,0.0000,0,0,0,,,,,n/a
AAM6,FRACTAL,high_vol,0.0002,0.0000,0,0,0,,,,,n/a
AAM6,FRACTAL,low_vol,0.0002,0.0000,0,0,0,,,,,n/a
AAM6,FRACTAL,stress,0.0002,0.0000,0,0,0,,,,,n/a
AAM6,ENTROPY,ALL,0.0002,0.0000,2,0,2,,,,,n/a
AAM6,ENTROPY,trending_up,0.0002,0.0000,0,0,0,,,,,n/a
AAM6,ENTROPY,trending_down,0.0002,0.0000,0,0,0,,,,,n/a
AAM6,ENTROPY,ranging,0.0002,0.0000,2,0,2,,,,,n/a
AAM6,ENTROPY,high_vol,0.0002,0.0000,0,0,0,,,,,n/a
AAM6,ENTROPY,low_vol,0.0002,0.0000,0,0,0,,,,,n/a
AAM6,ENTROPY,stress,0.0002,0.0000,0,0,0,,,,,n/a
AAM6,FISHER_RSI,ALL,0.0002,0.0000,7,6,1,,,,,n/a
AAM6,FISHER_RSI,trending_up,0.0002,0.0000,0,0,0,,,,,n/a
AAM6,FISHER_RSI,trending_down,0.0002,0.0000,4,4,0,,,,,n/a
AAM6,FISHER_RSI,ranging,0.0002,0.0000,1,0,1,,,,,n/a
AAM6,FISHER_RSI,high_vol,0.0002,0.0000,0,0,0,,,,,n/a
AAM6,FISHER_RSI,low_vol,0.0002,0.0000,0,0,0,,,,,n/a
AAM6,FISHER_RSI,stress,0.0002,0.0000,2,2,0,,,,,n/a
AAM6,KLINGER,ALL,0.0002,0.0000,23,16,7,-66.437451044465,-11.192191036796354,0.6086956521739131,-0.3537045004415622,anti
AAM6,KLINGER,trending_up,0.0002,0.0000,0,0,0,,,,,n/a
AAM6,KLINGER,trending_down,0.0002,0.0000,6,6,0,,,,,n/a
AAM6,KLINGER,ranging,0.0002,0.0000,5,5,0,,,,,n/a
AAM6,KLINGER,high_vol,0.0002,0.0000,3,2,1,,,,,n/a
AAM6,KLINGER,low_vol,0.0002,0.0000,0,0,0,,,,,n/a
AAM6,KLINGER,stress,0.0002,0.0000,9,3,6,-2.085525500244742,-12.732352957563235,0.7777777777777778,0.6954939875278595,signal
AAM6,VZO,ALL,0.0002,0.0000,28,7,21,-3.957292056610659,-85.91274259981967,0.5714285714285714,0.46384925016919976,signal
AAM6,VZO,trending_up,0.0002,0.0000,0,0,0,,,,,n/a
AAM6,VZO,trending_down,0.0002,0.0000,6,5,1,,,,,n/a
AAM6,VZO,ranging,0.0002,0.0000,9,1,8,,,,,n/a
AAM6,VZO,high_vol,0.0002,0.0000,3,0,3,,,,,n/a
AAM6,VZO,low_vol,0.0002,0.0000,0,0,0,,,,,n/a
AAM6,VZO,stress,0.0002,0.0000,10,1,9,,,,,n/a
AAM6,DONCHIAN,ALL,0.0002,0.0000,0,0,0,,,,,n/a
AAM6,DONCHIAN,trending_up,0.0002,0.0000,0,0,0,,,,,n/a
AAM6,DONCHIAN,trending_down,0.0002,0.0000,0,0,0,,,,,n/a
AAM6,DONCHIAN,ranging,0.0002,0.0000,0,0,0,,,,,n/a
AAM6,DONCHIAN,high_vol,0.0002,0.0000,0,0,0,,,,,n/a
AAM6,DONCHIAN,low_vol,0.0002,0.0000,0,0,0,,,,,n/a
AAM6,DONCHIAN,stress,0.0002,0.0000,0,0,0,,,,,n/a
AAM6,ADX_DI_CONVERGENCE,ALL,0.0002,0.0000,1,1,0,,,,,n/a
AAM6,ADX_DI_CONVERGENCE,trending_up,0.0002,0.0000,0,0,0,,,,,n/a
AAM6,ADX_DI_CONVERGENCE,trending_down,0.0002,0.0000,1,1,0,,,,,n/a
AAM6,ADX_DI_CONVERGENCE,ranging,0.0002,0.0000,0,0,0,,,,,n/a
AAM6,ADX_DI_CONVERGENCE,high_vol,0.0002,0.0000,0,0,0,,,,,n/a
AAM6,ADX_DI_CONVERGENCE,low_vol,0.0002,0.0000,0,0,0,,,,,n/a
AAM6,ADX_DI_CONVERGENCE,stress,0.0002,0.0000,0,0,0,,,,,n/a
AAM6,ULT_OSC_DISAGREEMENT,ALL,0.0002,0.0000,7,0,7,,,,,n/a
AAM6,ULT_OSC_DISAGREEMENT,trending_up,0.0002,0.0000,0,0,0,,,,,n/a
AAM6,ULT_OSC_DISAGREEMENT,trending_down,0.0002,0.0000,2,0,2,,,,,n/a
AAM6,ULT_OSC_DISAGREEMENT,ranging,0.0002,0.0000,1,0,1,,,,,n/a
AAM6,ULT_OSC_DISAGREEMENT,high_vol,0.0002,0.0000,1,0,1,,,,,n/a
AAM6,ULT_OSC_DISAGREEMENT,low_vol,0.0002,0.0000,0,0,0,,,,,n/a
AAM6,ULT_OSC_DISAGREEMENT,stress,0.0002,0.0000,3,0,3,,,,,n/a
AAM6,TWIGGS,ALL,0.0002,0.0000,23,6,17,-9.265237235963523,-66.84587409169515,0.6086956521739131,0.36846150408645567,signal
AAM6,TWIGGS,trending_up,0.0002,0.0000,0,0,0,,,,,n/a
AAM6,TWIGGS,trending_down,0.0002,0.0000,7,4,3,-2.1583902835446116,-2.0411058138977016,0.5714285714285714,-0.010671786404455461,noise
AAM6,TWIGGS,ranging,0.0002,0.0000,4,1,3,,,,,n/a
AAM6,TWIGGS,high_vol,0.0002,0.0000,3,0,3,,,,,n/a
AAM6,TWIGGS,low_vol,0.0002,0.0000,0,0,0,,,,,n/a
AAM6,TWIGGS,stress,0.0002,0.0000,9,1,8,,,,,n/a
AAM6,RMI,ALL,0.0002,0.0000,29,20,9,-3.7468339823755628,-64.24178046693189,0.5862068965517241,0.7505889776392843,signal
AAM6,RMI,trending_up,0.0002,0.0000,0,0,0,,,,,n/a
AAM6,RMI,trending_down,0.0002,0.0000,6,5,1,,,,,n/a
AAM6,RMI,ranging,0.0002,0.0000,8,4,4,-0.2837061631032691,-10.483667075094282,0.625,0.6970325660471525,signal
AAM6,RMI,high_vol,0.0002,0.0000,2,1,1,,,,,n/a
AAM6,RMI,low_vol,0.0002,0.0000,0,0,0,,,,,n/a
AAM6,RMI,stress,0.0002,0.0000,13,10,3,-6.677767837309784,-25.06231520942247,0.5384615384615384,1.0852302501425706,signal
AAM6,ZSCORE,ALL,0.0002,0.0000,14,10,4,-68.03317120044889,-1.1993973556790554,0.35714285714285715,-0.39871328210496293,anti
AAM6,ZSCORE,trending_up,0.0002,0.0000,0,0,0,,,,,n/a
AAM6,ZSCORE,trending_down,0.0002,0.0000,3,1,2,,,,,n/a
AAM6,ZSCORE,ranging,0.0002,0.0000,5,3,2,-12.927498129111216,-0.01552795031054277,0.4,-0.6467151725577165,anti
AAM6,ZSCORE,high_vol,0.0002,0.0000,2,2,0,,,,,n/a
AAM6,ZSCORE,low_vol,0.0002,0.0000,0,0,0,,,,,n/a
AAM6,ZSCORE,stress,0.0002,0.0000,4,4,0,,,,,n/a
AAM6,ZLEMA_SIGNAL,ALL,0.0002,0.0000,24,11,13,-44.53032341351333,-7.724736873737644,0.4166666666666667,-0.3972395797673859,anti
AAM6,ZLEMA_SIGNAL,trending_up,0.0002,0.0000,0,0,0,,,,,n/a
AAM6,ZLEMA_SIGNAL,trending_down,0.0002,0.0000,6,5,1,,,,,n/a
AAM6,ZLEMA_SIGNAL,ranging,0.0002,0.0000,7,3,4,1.403723310903873,-0.8492209053219444,0.42857142857142855,0.20445147867744992,signal
AAM6,ZLEMA_SIGNAL,high_vol,0.0002,0.0000,1,1,0,,,,,n/a
AAM6,ZLEMA_SIGNAL,low_vol,0.0002,0.0000,0,0,0,,,,,n/a
AAM6,ZLEMA_SIGNAL,stress,0.0002,0.0000,10,2,8,-6.042195535135317,-13.340476347693663,0.6,0.3364877861482652,signal
AAM6,T3_SIGNAL,ALL,0.0002,0.0000,25,11,14,-100.52543258655952,-7.88727255454369,0.4,-0.6448382851771274,anti
AAM6,T3_SIGNAL,trending_up,0.0002,0.0000,0,0,0,,,,,n/a
AAM6,T3_SIGNAL,trending_down,0.0002,0.0000,7,5,2,-5.846612736762702,7.238092553970978,0.14285714285714285,-1.5434308146787177,anti
AAM6,T3_SIGNAL,ranging,0.0002,0.0000,5,2,3,4.388038604016285,-5.4076568592697525,0.6,0.972538797273456,signal
AAM6,T3_SIGNAL,high_vol,0.0002,0.0000,3,2,1,,,,,n/a
AAM6,T3_SIGNAL,low_vol,0.0002,0.0000,0,0,0,,,,,n/a
AAM6,T3_SIGNAL,stress,0.0002,0.0000,10,2,8,-9.934113260911484,-13.340476347693663,0.5,0.1599512647507657,signal
AAM6,SINEWAVE_SIGNAL,ALL,0.0002,0.0000,27,13,14,-36.55727853079384,-52.02697116597377,0.5185185185185185,0.10566491948322362,signal
AAM6,SINEWAVE_SIGNAL,trending_up,0.0002,0.0000,0,0,0,,,,,n/a
AAM6,SINEWAVE_SIGNAL,trending_down,0.0002,0.0000,7,4,3,-2.0791502512173037,-2.1467591903341123,0.5714285714285714,0.006151698977265108,noise
AAM6,SINEWAVE_SIGNAL,ranging,0.0002,0.0000,6,3,3,3.9074394015764966,-3.4547184932878174,0.6666666666666666,0.8395098533677453,signal
AAM6,SINEWAVE_SIGNAL,high_vol,0.0002,0.0000,3,2,1,,,,,n/a
AAM6,SINEWAVE_SIGNAL,low_vol,0.0002,0.0000,0,0,0,,,,,n/a
AAM6,SINEWAVE_SIGNAL,stress,0.0002,0.0000,11,4,7,-5.992961465177739,-13.601360987018186,0.45454545454545453,0.37104474641482627,signal
AAM6,SSA_SIGNAL,ALL,0.0002,0.0000,12,12,0,,,,,n/a
AAM6,SSA_SIGNAL,trending_up,0.0002,0.0000,0,0,0,,,,,n/a
AAM6,SSA_SIGNAL,trending_down,0.0002,0.0000,2,2,0,,,,,n/a
AAM6,SSA_SIGNAL,ranging,0.0002,0.0000,6,6,0,,,,,n/a
AAM6,SSA_SIGNAL,high_vol,0.0002,0.0000,2,2,0,,,,,n/a
AAM6,SSA_SIGNAL,low_vol,0.0002,0.0000,0,0,0,,,,,n/a
AAM6,SSA_SIGNAL,stress,0.0002,0.0000,2,2,0,,,,,n/a
AAM6,NADARAYA_WATSON,ALL,0.0002,0.0000,33,33,0,,,,,n/a
AAM6,NADARAYA_WATSON,trending_up,0.0002,0.0000,0,0,0,,,,,n/a
AAM6,NADARAYA_WATSON,trending_down,0.0002,0.0000,7,7,0,,,,,n/a
AAM6,NADARAYA_WATSON,ranging,0.0002,0.0000,9,9,0,,,,,n/a
AAM6,NADARAYA_WATSON,high_vol,0.0002,0.0000,4,4,0,,,,,n/a
AAM6,NADARAYA_WATSON,low_vol,0.0002,0.0000,0,0,0,,,,,n/a
AAM6,NADARAYA_WATSON,stress,0.0002,0.0000,13,13,0,,,,,n/a
AAM6,FRACTIONAL_DIFF,ALL,0.0002,0.0000,25,16,9,-68.74140714931491,-12.489090787259805,0.48,-0.37790704916035817,anti
AAM6,FRACTIONAL_DIFF,trending_up,0.0002,0.0000,0,0,0,,,,,n/a
AAM6,FRACTIONAL_DIFF,trending_down,0.0002,0.0000,7,6,1,,,,,n/a
AAM6,FRACTIONAL_DIFF,ranging,0.0002,0.0000,7,5,2,3.390029902507833,-19.990786970993952,0.7142857142857143,1.8088498646142066,signal
AAM6,FRACTIONAL_DIFF,high_vol,0.0002,0.0000,3,2,1,,,,,n/a
AAM6,FRACTIONAL_DIFF,low_vol,0.0002,0.0000,0,0,0,,,,,n/a
AAM6,FRACTIONAL_DIFF,stress,0.0002,0.0000,8,3,5,-8.967374942302554,-16.033627735080596,0.5,0.355807119374519,signal
AAM6,HAWKES_SIGNAL,ALL,0.0002,0.0000,33,19,14,-40.279630452331126,-78.95866652211426,0.5151515151515151,0.23355768130441595,signal
AAM6,HAWKES_SIGNAL,trending_up,0.0002,0.0000,0,0,0,,,,,n/a
AAM6,HAWKES_SIGNAL,trending_down,0.0002,0.0000,7,1,6,,,,,n/a
AAM6,HAWKES_SIGNAL,ranging,0.0002,0.0000,9,6,3,-5.001415698885334,-0.07830393431890374,0.5555555555555556,-0.312332358788451,anti
AAM6,HAWKES_SIGNAL,high_vol,0.0002,0.0000,4,2,2,-309.1574279379173,-532.7272727272755,0.5,0.7042638744378955,signal
AAM6,HAWKES_SIGNAL,low_vol,0.0002,0.0000,0,0,0,,,,,n/a
AAM6,HAWKES_SIGNAL,stress,0.0002,0.0000,13,10,3,-12.668874356939252,-5.091960143990913,0.38461538461538464,-0.4074255993792076,anti
AAM6,VSA,ALL,0.0002,0.0000,6,4,2,-10.16806473878831,-9.934113260911484,0.5,-0.012612511164463575,noise
AAM6,VSA,trending_up,0.0002,0.0000,0,0,0,,,,,n/a
AAM6,VSA,trending_down,0.0002,0.0000,0,0,0,,,,,n/a
AAM6,VSA,ranging,0.0002,0.0000,1,1,0,,,,,n/a
AAM6,VSA,high_vol,0.0002,0.0000,0,0,0,,,,,n/a
AAM6,VSA,low_vol,0.0002,0.0000,0,0,0,,,,,n/a
AAM6,VSA,stress,0.0002,0.0000,5,3,2,-17.533503358743094,-9.934113260911484,0.4,-0.48874668038003455,anti
AAM6,WICK_REJECTION,ALL,0.0002,0.0000,14,9,5,3.206799949354135,2.081442459550199,0.5714285714285714,0.14367623135004937,signal
AAM6,WICK_REJECTION,trending_up,0.0002,0.0000,0,0,0,,,,,n/a
AAM6,WICK_REJECTION,trending_down,0.0002,0.0000,3,3,0,,,,,n/a
AAM6,WICK_REJECTION,ranging,0.0002,0.0000,3,1,2,,,,,n/a
AAM6,WICK_REJECTION,high_vol,0.0002,0.0000,1,1,0,,,,,n/a
AAM6,WICK_REJECTION,low_vol,0.0002,0.0000,0,0,0,,,,,n/a
AAM6,WICK_REJECTION,stress,0.0002,0.0000,7,4,3,-0.9068019471178808,3.5377150713658487,0.42857142857142855,-0.472614600022782,anti
AAM6,TRIANGLE,ALL,0.0002,0.0000,3,1,2,,,,,n/a
AAM6,TRIANGLE,trending_up,0.0002,0.0000,0,0,0,,,,,n/a
AAM6,TRIANGLE,trending_down,0.0002,0.0000,1,0,1,,,,,n/a
AAM6,TRIANGLE,ranging,0.0002,0.0000,0,0,0,,,,,n/a
AAM6,TRIANGLE,high_vol,0.0002,0.0000,0,0,0,,,,,n/a
AAM6,TRIANGLE,low_vol,0.0002,0.0000,0,0,0,,,,,n/a
AAM6,TRIANGLE,stress,0.0002,0.0000,2,1,1,,,,,n/a
AAM6,PRICE_ACCEL,ALL,0.0002,0.0000,22,11,11,-5.28718332327317,-2.5414684419561455,0.36363636363636365,-0.19716283634432905,anti
AAM6,PRICE_ACCEL,trending_up,0.0002,0.0000,0,0,0,,,,,n/a
AAM6,PRICE_ACCEL,trending_down,0.0002,0.0000,6,2,4,-7.079254028764458,3.546059544327361,0.16666666666666666,-1.302974454831936,anti
AAM6,PRICE_ACCEL,ranging,0.0002,0.0000,5,3,2,-9.35110760697062,5.002067824648493,0.2,-0.7312019539832014,anti
AAM6,PRICE_ACCEL,high_vol,0.0002,0.0000,1,1,0,,,,,n/a
AAM6,PRICE_ACCEL,low_vol,0.0002,0.0000,0,0,0,,,,,n/a
AAM6,PRICE_ACCEL,stress,0.0002,0.0000,10,5,5,-2.7991932330738045,-10.428905337624808,0.6,0.5106888099777661,signal
AAM6,CUMUL_DELTA,ALL,0.0002,0.0000,33,20,13,-2.653517293167377,-139.82030492619566,0.5454545454545454,0.9037990999341063,signal
AAM6,CUMUL_DELTA,trending_up,0.0002,0.0000,0,0,0,,,,,n/a
AAM6,CUMUL_DELTA,trending_down,0.0002,0.0000,7,6,1,,,,,n/a
AAM6,CUMUL_DELTA,ranging,0.0002,0.0000,9,6,3,-0.36501386255947593,-9.35110760697062,0.5555555555555556,0.5895758128226478,signal
AAM6,CUMUL_DELTA,high_vol,0.0002,0.0000,4,1,3,,,,,n/a
AAM6,CUMUL_DELTA,low_vol,0.0002,0.0000,0,0,0,,,,,n/a
AAM6,CUMUL_DELTA,stress,0.0002,0.0000,13,7,6,-6.710555533979287,-15.831789210585043,0.46153846153846156,0.49949655491610967,signal
AAM6,AMT_POC,ALL,0.0002,0.0000,24,0,24,,,,,n/a
AAM6,AMT_POC,trending_up,0.0002,0.0000,0,0,0,,,,,n/a
AAM6,AMT_POC,trending_down,0.0002,0.0000,4,0,4,,,,,n/a
AAM6,AMT_POC,ranging,0.0002,0.0000,6,0,6,,,,,n/a
AAM6,AMT_POC,high_vol,0.0002,0.0000,3,0,3,,,,,n/a
AAM6,AMT_POC,low_vol,0.0002,0.0000,0,0,0,,,,,n/a
AAM6,AMT_POC,stress,0.0002,0.0000,11,0,11,,,,,n/a
AAM6,VSA_ABSORPTION,ALL,0.0002,0.0000,2,1,1,,,,,n/a
AAM6,VSA_ABSORPTION,trending_up,0.0002,0.0000,0,0,0,,,,,n/a
AAM6,VSA_ABSORPTION,trending_down,0.0002,0.0000,0,0,0,,,,,n/a
AAM6,VSA_ABSORPTION,ranging,0.0002,0.0000,0,0,0,,,,,n/a
AAM6,VSA_ABSORPTION,high_vol,0.0002,0.0000,0,0,0,,,,,n/a
AAM6,VSA_ABSORPTION,low_vol,0.0002,0.0000,0,0,0,,,,,n/a
AAM6,VSA_ABSORPTION,stress,0.0002,0.0000,2,1,1,,,,,n/a
AAM6,CASCADE,ALL,0.0002,0.0000,1,1,0,,,,,n/a
AAM6,CASCADE,trending_up,0.0002,0.0000,0,0,0,,,,,n/a
AAM6,CASCADE,trending_down,0.0002,0.0000,0,0,0,,,,,n/a
AAM6,CASCADE,ranging,0.0002,0.0000,0,0,0,,,,,n/a
AAM6,CASCADE,high_vol,0.0002,0.0000,0,0,0,,,,,n/a
AAM6,CASCADE,low_vol,0.0002,0.0000,0,0,0,,,,,n/a
AAM6,CASCADE,stress,0.0002,0.0000,1,1,0,,,,,n/a
AAM6,IMPULSE_PULLBACK,ALL,0.0002,0.0000,10,3,7,0.11947571418506471,-8.419867937592839,0.7,0.5986976537762017,signal
AAM6,IMPULSE_PULLBACK,trending_up,0.0002,0.0000,0,0,0,,,,,n/a
AAM6,IMPULSE_PULLBACK,trending_down,0.0002,0.0000,2,1,1,,,,,n/a
AAM6,IMPULSE_PULLBACK,ranging,0.0002,0.0000,4,1,3,,,,,n/a
AAM6,IMPULSE_PULLBACK,high_vol,0.0002,0.0000,0,0,0,,,,,n/a
AAM6,IMPULSE_PULLBACK,low_vol,0.0002,0.0000,0,0,0,,,,,n/a
AAM6,IMPULSE_PULLBACK,stress,0.0002,0.0000,4,1,3,,,,,n/a
AAM6,ELLIOTT_WAVE,ALL,0.0002,0.0000,0,0,0,,,,,n/a
AAM6,ELLIOTT_WAVE,trending_up,0.0002,0.0000,0,0,0,,,,,n/a
AAM6,ELLIOTT_WAVE,trending_down,0.0002,0.0000,0,0,0,,,,,n/a
AAM6,ELLIOTT_WAVE,ranging,0.0002,0.0000,0,0,0,,,,,n/a
AAM6,ELLIOTT_WAVE,high_vol,0.0002,0.0000,0,0,0,,,,,n/a
AAM6,ELLIOTT_WAVE,low_vol,0.0002,0.0000,0,0,0,,,,,n/a
AAM6,ELLIOTT_WAVE,stress,0.0002,0.0000,0,0,0,,,,,n/a
AAM6,VPIN_TOXICITY,ALL,0.0002,0.0000,0,0,0,,,,,n/a
AAM6,VPIN_TOXICITY,trending_up,0.0002,0.0000,0,0,0,,,,,n/a
AAM6,VPIN_TOXICITY,trending_down,0.0002,0.0000,0,0,0,,,,,n/a
AAM6,VPIN_TOXICITY,ranging,0.0002,0.0000,0,0,0,,,,,n/a
AAM6,VPIN_TOXICITY,high_vol,0.0002,0.0000,0,0,0,,,,,n/a
AAM6,VPIN_TOXICITY,low_vol,0.0002,0.0000,0,0,0,,,,,n/a
AAM6,VPIN_TOXICITY,stress,0.0002,0.0000,0,0,0,,,,,n/a
AAM6,AMIHUD_SHOCK,ALL,0.0002,0.0000,3,2,1,,,,,n/a
AAM6,AMIHUD_SHOCK,trending_up,0.0002,0.0000,0,0,0,,,,,n/a
AAM6,AMIHUD_SHOCK,trending_down,0.0002,0.0000,1,0,1,,,,,n/a
AAM6,AMIHUD_SHOCK,ranging,0.0002,0.0000,0,0,0,,,,,n/a
AAM6,AMIHUD_SHOCK,high_vol,0.0002,0.0000,1,1,0,,,,,n/a
AAM6,AMIHUD_SHOCK,low_vol,0.0002,0.0000,0,0,0,,,,,n/a
AAM6,AMIHUD_SHOCK,stress,0.0002,0.0000,1,1,0,,,,,n/a
AAM6,BIPOWER_JUMP,ALL,0.0002,0.0000,0,0,0,,,,,n/a
AAM6,BIPOWER_JUMP,trending_up,0.0002,0.0000,0,0,0,,,,,n/a
AAM6,BIPOWER_JUMP,trending_down,0.0002,0.0000,0,0,0,,,,,n/a
AAM6,BIPOWER_JUMP,ranging,0.0002,0.0000,0,0,0,,,,,n/a
AAM6,BIPOWER_JUMP,high_vol,0.0002,0.0000,0,0,0,,,,,n/a
AAM6,BIPOWER_JUMP,low_vol,0.0002,0.0000,0,0,0,,,,,n/a
AAM6,BIPOWER_JUMP,stress,0.0002,0.0000,0,0,0,,,,,n/a
AAM6,ANCHORED_VWAP,ALL,0.0002,0.0000,20,4,16,-115.10692998040442,-44.92357790487153,0.45,-0.41893228164873564,anti
AAM6,ANCHORED_VWAP,trending_up,0.0002,0.0000,0,0,0,,,,,n/a
AAM6,ANCHORED_VWAP,trending_down,0.0002,0.0000,3,1,2,,,,,n/a
AAM6,ANCHORED_VWAP,ranging,0.0002,0.0000,4,1,3,,,,,n/a
AAM6,ANCHORED_VWAP,high_vol,0.0002,0.0000,3,1,2,,,,,n/a
AAM6,ANCHORED_VWAP,low_vol,0.0002,0.0000,0,0,0,,,,,n/a
AAM6,ANCHORED_VWAP,stress,0.0002,0.0000,10,1,9,,,,,n/a
AAM6,DFA_REGIME,ALL,0.0002,0.0000,6,4,2,2.3300826220421027,-24.441664060056105,0.6666666666666666,2.45408490778145,signal
AAM6,DFA_REGIME,trending_up,0.0002,0.0000,0,0,0,,,,,n/a
AAM6,DFA_REGIME,trending_down,0.0002,0.0000,1,0,1,,,,,n/a
AAM6,DFA_REGIME,ranging,0.0002,0.0000,0,0,0,,,,,n/a
AAM6,DFA_REGIME,high_vol,0.0002,0.0000,1,1,0,,,,,n/a
AAM6,DFA_REGIME,low_vol,0.0002,0.0000,0,0,0,,,,,n/a
AAM6,DFA_REGIME,stress,0.0002,0.0000,4,3,1,,,,,n/a
AAM6,WANING_IMPULSES,ALL,0.0002,0.0000,18,17,1,,,,,n/a
AAM6,WANING_IMPULSES,trending_up,0.0002,0.0000,0,0,0,,,,,n/a
AAM6,WANING_IMPULSES,trending_down,0.0002,0.0000,2,2,0,,,,,n/a
AAM6,WANING_IMPULSES,ranging,0.0002,0.0000,6,6,0,,,,,n/a
AAM6,WANING_IMPULSES,high_vol,0.0002,0.0000,4,3,1,,,,,n/a
AAM6,WANING_IMPULSES,low_vol,0.0002,0.0000,0,0,0,,,,,n/a
AAM6,WANING_IMPULSES,stress,0.0002,0.0000,6,6,0,,,,,n/a
AAM6,VOL_COMPRESSION,ALL,0.0002,0.0000,1,0,1,,,,,n/a
AAM6,VOL_COMPRESSION,trending_up,0.0002,0.0000,0,0,0,,,,,n/a
AAM6,VOL_COMPRESSION,trending_down,0.0002,0.0000,0,0,0,,,,,n/a
AAM6,VOL_COMPRESSION,ranging,0.0002,0.0000,0,0,0,,,,,n/a
AAM6,VOL_COMPRESSION,high_vol,0.0002,0.0000,0,0,0,,,,,n/a
AAM6,VOL_COMPRESSION,low_vol,0.0002,0.0000,0,0,0,,,,,n/a
AAM6,VOL_COMPRESSION,stress,0.0002,0.0000,1,0,1,,,,,n/a
AAM6,FALSE_BREAKOUT,ALL,0.0002,0.0000,2,2,0,,,,,n/a
AAM6,FALSE_BREAKOUT,trending_up,0.0002,0.0000,0,0,0,,,,,n/a
AAM6,FALSE_BREAKOUT,trending_down,0.0002,0.0000,1,1,0,,,,,n/a
AAM6,FALSE_BREAKOUT,ranging,0.0002,0.0000,0,0,0,,,,,n/a
AAM6,FALSE_BREAKOUT,high_vol,0.0002,0.0000,0,0,0,,,,,n/a
AAM6,FALSE_BREAKOUT,low_vol,0.0002,0.0000,0,0,0,,,,,n/a
AAM6,FALSE_BREAKOUT,stress,0.0002,0.0000,1,1,0,,,,,n/a
AAM6,LEVEL_ABSORPTION,ALL,0.0002,0.0000,0,0,0,,,,,n/a
AAM6,LEVEL_ABSORPTION,trending_up,0.0002,0.0000,0,0,0,,,,,n/a
AAM6,LEVEL_ABSORPTION,trending_down,0.0002,0.0000,0,0,0,,,,,n/a
AAM6,LEVEL_ABSORPTION,ranging,0.0002,0.0000,0,0,0,,,,,n/a
AAM6,LEVEL_ABSORPTION,high_vol,0.0002,0.0000,0,0,0,,,,,n/a
AAM6,LEVEL_ABSORPTION,low_vol,0.0002,0.0000,0,0,0,,,,,n/a
AAM6,LEVEL_ABSORPTION,stress,0.0002,0.0000,0,0,0,,,,,n/a
AAM6,ICHIMOKU_SIGNAL,ALL,0.0002,0.0000,6,3,3,-14.822830785015794,-222.43291557650093,0.5,0.8671023709934349,signal
AAM6,ICHIMOKU_SIGNAL,trending_up,0.0002,0.0000,0,0,0,,,,,n/a
AAM6,ICHIMOKU_SIGNAL,trending_down,0.0002,0.0000,1,1,0,,,,,n/a
AAM6,ICHIMOKU_SIGNAL,ranging,0.0002,0.0000,1,1,0,,,,,n/a
AAM6,ICHIMOKU_SIGNAL,high_vol,0.0002,0.0000,1,0,1,,,,,n/a
AAM6,ICHIMOKU_SIGNAL,low_vol,0.0002,0.0000,0,0,0,,,,,n/a
AAM6,ICHIMOKU_SIGNAL,stress,0.0002,0.0000,3,1,2,,,,,n/a
AAM6,BB_KELTNER_SQUEEZE,ALL,0.0002,0.0000,32,11,21,-98.41958571686159,-37.80698483752142,0.53125,-0.36402928316260735,anti
AAM6,BB_KELTNER_SQUEEZE,trending_up,0.0002,0.0000,0,0,0,,,,,n/a
AAM6,BB_KELTNER_SQUEEZE,trending_down,0.0002,0.0000,7,4,3,-4.1078348864706395,0.5581536566703361,0.2857142857142857,-0.438312349195634,anti
AAM6,BB_KELTNER_SQUEEZE,ranging,0.0002,0.0000,9,4,5,0.6154828691645071,-6.541067494585349,0.5555555555555556,0.4628031445088987,signal
AAM6,BB_KELTNER_SQUEEZE,high_vol,0.0002,0.0000,4,2,2,-532.7272727272755,-309.1574279379173,0.5,-0.7042638744378955,anti
AAM6,BB_KELTNER_SQUEEZE,low_vol,0.0002,0.0000,0,0,0,,,,,n/a
AAM6,BB_KELTNER_SQUEEZE,stress,0.0002,0.0000,12,1,11,,,,,n/a
AAM6,MA_ENVELOPE,ALL,0.0002,0.0000,18,11,7,-4.074331560491542,-0.44907773636912196,0.5555555555555556,-0.29330511211391075,anti
AAM6,MA_ENVELOPE,trending_up,0.0002,0.0000,0,0,0,,,,,n/a
AAM6,MA_ENVELOPE,trending_down,0.0002,0.0000,5,4,1,,,,,n/a
AAM6,MA_ENVELOPE,ranging,0.0002,0.0000,4,3,1,,,,,n/a
AAM6,MA_ENVELOPE,high_vol,0.0002,0.0000,1,0,1,,,,,n/a
AAM6,MA_ENVELOPE,low_vol,0.0002,0.0000,0,0,0,,,,,n/a
AAM6,MA_ENVELOPE,stress,0.0002,0.0000,8,4,4,-8.206494800459621,-2.9409479609667137,0.625,-0.31082610830284846,anti
AAM6,MA_TENSION,ALL,0.0002,0.0000,0,0,0,,,,,n/a
AAM6,MA_TENSION,trending_up,0.0002,0.0000,0,0,0,,,,,n/a
AAM6,MA_TENSION,trending_down,0.0002,0.0000,0,0,0,,,,,n/a
AAM6,MA_TENSION,ranging,0.0002,0.0000,0,0,0,,,,,n/a
AAM6,MA_TENSION,high_vol,0.0002,0.0000,0,0,0,,,,,n/a
AAM6,MA_TENSION,low_vol,0.0002,0.0000,0,0,0,,,,,n/a
AAM6,MA_TENSION,stress,0.0002,0.0000,0,0,0,,,,,n/a
AAM6,RSI_DIVERGENCE,ALL,0.0002,0.0000,5,5,0,,,,,n/a
AAM6,RSI_DIVERGENCE,trending_up,0.0002,0.0000,0,0,0,,,,,n/a
AAM6,RSI_DIVERGENCE,trending_down,0.0002,0.0000,1,1,0,,,,,n/a
AAM6,RSI_DIVERGENCE,ranging,0.0002,0.0000,1,1,0,,,,,n/a
AAM6,RSI_DIVERGENCE,high_vol,0.0002,0.0000,0,0,0,,,,,n/a
AAM6,RSI_DIVERGENCE,low_vol,0.0002,0.0000,0,0,0,,,,,n/a
AAM6,RSI_DIVERGENCE,stress,0.0002,0.0000,3,3,0,,,,,n/a
AAM6,ATR_EXHAUSTION,ALL,0.0002,0.0000,24,9,15,-59.00945324131357,-41.53543856244289,0.3333333333333333,-0.11230021320457508,anti
AAM6,ATR_EXHAUSTION,trending_up,0.0002,0.0000,0,0,0,,,,,n/a
AAM6,ATR_EXHAUSTION,trending_down,0.0002,0.0000,4,1,3,,,,,n/a
AAM6,ATR_EXHAUSTION,ranging,0.0002,0.0000,6,2,4,-3.8585405941822133,8.689618431723627,0.0,-3.335218095153586,anti
AAM6,ATR_EXHAUSTION,high_vol,0.0002,0.0000,3,1,2,,,,,n/a
AAM6,ATR_EXHAUSTION,low_vol,0.0002,0.0000,0,0,0,,,,,n/a
AAM6,ATR_EXHAUSTION,stress,0.0002,0.0000,11,5,6,-13.856788267317134,-7.401296301642645,0.45454545454545453,-0.3534881737993198,anti
AAM6,ALLIGATOR,ALL,0.0002,0.0000,15,3,12,-4.364557022854487,-0.5574128692110052,0.4,-0.27922032798349156,anti
AAM6,ALLIGATOR,trending_up,0.0002,0.0000,0,0,0,,,,,n/a
AAM6,ALLIGATOR,trending_down,0.0002,0.0000,5,3,2,-4.364557022854487,7.238092553970978,0.2,-1.2640610936231798,anti
AAM6,ALLIGATOR,ranging,0.0002,0.0000,2,0,2,,,,,n/a
AAM6,ALLIGATOR,high_vol,0.0002,0.0000,1,0,1,,,,,n/a
AAM6,ALLIGATOR,low_vol,0.0002,0.0000,0,0,0,,,,,n/a
AAM6,ALLIGATOR,stress,0.0002,0.0000,7,0,7,,,,,n/a
AAM6,MAMA_FAMA,ALL,0.0002,0.0000,33,12,21,-4.04715946807386,-86.7699236327145,0.6060606060606061,0.5117533072040218,signal
AAM6,MAMA_FAMA,trending_up,0.0002,0.0000,0,0,0,,,,,n/a
AAM6,MAMA_FAMA,trending_down,0.0002,0.0000,7,4,3,-6.041011672371688,3.1357227045384004,0.2857142857142857,-0.9571822421642382,anti
AAM6,MAMA_FAMA,ranging,0.0002,0.0000,9,6,3,2.1483903097937773,-14.377915951677126,0.7777777777777778,1.2409858002387615,signal
AAM6,MAMA_FAMA,high_vol,0.0002,0.0000,4,0,4,,,,,n/a
AAM6,MAMA_FAMA,low_vol,0.0002,0.0000,0,0,0,,,,,n/a
AAM6,MAMA_FAMA,stress,0.0002,0.0000,13,2,11,-18.646104393081117,-9.515674110473004,0.5384615384615384,-0.49151676648770415,anti
AAM6,EHLERS_MODE,ALL,0.0002,0.0000,14,5,9,-4.998667632998016,-0.47315420283245796,0.5,-0.45563041461561393,anti
AAM6,EHLERS_MODE,trending_up,0.0002,0.0000,0,0,0,,,,,n/a
AAM6,EHLERS_MODE,trending_down,0.0002,0.0000,5,4,1,,,,,n/a
AAM6,EHLERS_MODE,ranging,0.0002,0.0000,1,0,1,,,,,n/a
AAM6,EHLERS_MODE,high_vol,0.0002,0.0000,1,0,1,,,,,n/a
AAM6,EHLERS_MODE,low_vol,0.0002,0.0000,0,0,0,,,,,n/a
AAM6,EHLERS_MODE,stress,0.0002,0.0000,7,1,6,,,,,n/a
AAM6,CYBER_PHASE,ALL,0.0002,0.0000,30,22,8,-80.19185407559037,-13.07371744290461,0.4666666666666667,-0.39091254639663287,anti
AAM6,CYBER_PHASE,trending_up,0.0002,0.0000,0,0,0,,,,,n/a
AAM6,CYBER_PHASE,trending_down,0.0002,0.0000,7,6,1,,,,,n/a
AAM6,CYBER_PHASE,ranging,0.0002,0.0000,8,8,0,,,,,n/a
AAM6,CYBER_PHASE,high_vol,0.0002,0.0000,3,3,0,,,,,n/a
AAM6,CYBER_PHASE,low_vol,0.0002,0.0000,0,0,0,,,,,n/a
AAM6,CYBER_PHASE,stress,0.0002,0.0000,12,5,7,-6.453623100746182,-16.32697922678351,0.6666666666666666,0.5361037408142314,signal
AAM6,FVG,ALL,0.0002,0.0000,22,14,8,-7.564760679864503,-56.00270061452236,0.4090909090909091,0.5048755812793104,signal
AAM6,FVG,trending_up,0.0002,0.0000,0,0,0,,,,,n/a
AAM6,FVG,trending_down,0.0002,0.0000,4,2,2,-1.5513045468416182,6.406130339765029,0.25,-0.7000007659837008,anti
AAM6,FVG,ranging,0.0002,0.0000,5,1,4,,,,,n/a
AAM6,FVG,high_vol,0.0002,0.0000,2,1,1,,,,,n/a
AAM6,FVG,low_vol,0.0002,0.0000,0,0,0,,,,,n/a
AAM6,FVG,stress,0.0002,0.0000,11,10,1,,,,,n/a
AAM6,ORDER_BLOCK,ALL,0.0002,0.0000,3,3,0,,,,,n/a
AAM6,ORDER_BLOCK,trending_up,0.0002,0.0000,0,0,0,,,,,n/a
AAM6,ORDER_BLOCK,trending_down,0.0002,0.0000,1,1,0,,,,,n/a
AAM6,ORDER_BLOCK,ranging,0.0002,0.0000,0,0,0,,,,,n/a
AAM6,ORDER_BLOCK,high_vol,0.0002,0.0000,0,0,0,,,,,n/a
AAM6,ORDER_BLOCK,low_vol,0.0002,0.0000,0,0,0,,,,,n/a
AAM6,ORDER_BLOCK,stress,0.0002,0.0000,2,2,0,,,,,n/a
AAM6,LIQUIDITY_SWEEP,ALL,0.0002,0.0000,3,2,1,,,,,n/a
AAM6,LIQUIDITY_SWEEP,trending_up,0.0002,0.0000,0,0,0,,,,,n/a
AAM6,LIQUIDITY_SWEEP,trending_down,0.0002,0.0000,1,1,0,,,,,n/a
AAM6,LIQUIDITY_SWEEP,ranging,0.0002,0.0000,1,0,1,,,,,n/a
AAM6,LIQUIDITY_SWEEP,high_vol,0.0002,0.0000,0,0,0,,,,,n/a
AAM6,LIQUIDITY_SWEEP,low_vol,0.0002,0.0000,0,0,0,,,,,n/a
AAM6,LIQUIDITY_SWEEP,stress,0.0002,0.0000,1,1,0,,,,,n/a
AAM6,LEVEL_QUALITY,ALL,0.0002,0.0000,13,9,4,-9.137337027383191,-320.29607822942603,0.38461538461538464,1.7501180374544172,signal
AAM6,LEVEL_QUALITY,trending_up,0.0002,0.0000,0,0,0,,,,,n/a
AAM6,LEVEL_QUALITY,trending_down,0.0002,0.0000,3,3,0,,,,,n/a
AAM6,LEVEL_QUALITY,ranging,0.0002,0.0000,1,0,1,,,,,n/a
AAM6,LEVEL_QUALITY,high_vol,0.0002,0.0000,3,1,2,,,,,n/a
AAM6,LEVEL_QUALITY,low_vol,0.0002,0.0000,0,0,0,,,,,n/a
AAM6,LEVEL_QUALITY,stress,0.0002,0.0000,6,5,1,,,,,n/a
AAM6,ALLIGATOR_CLASSIC,ALL,0.0002,0.0000,16,2,14,-307.9397233201601,1.30729905309599,0.375,-2.6777750484821556,anti
AAM6,ALLIGATOR_CLASSIC,trending_up,0.0002,0.0000,0,0,0,,,,,n/a
AAM6,ALLIGATOR_CLASSIC,trending_down,0.0002,0.0000,2,0,2,,,,,n/a
AAM6,ALLIGATOR_CLASSIC,ranging,0.0002,0.0000,4,1,3,,,,,n/a
AAM6,ALLIGATOR_CLASSIC,high_vol,0.0002,0.0000,2,1,1,,,,,n/a
AAM6,ALLIGATOR_CLASSIC,low_vol,0.0002,0.0000,0,0,0,,,,,n/a
AAM6,ALLIGATOR_CLASSIC,stress,0.0002,0.0000,8,0,8,,,,,n/a
AAM6,ICHIMOKU_CLASSIC,ALL,0.0002,0.0000,27,2,25,-532.7272727272755,-29.402740738844155,0.5555555555555556,-4.101804999126097,anti
AAM6,ICHIMOKU_CLASSIC,trending_up,0.0002,0.0000,0,0,0,,,,,n/a
AAM6,ICHIMOKU_CLASSIC,trending_down,0.0002,0.0000,6,0,6,,,,,n/a
AAM6,ICHIMOKU_CLASSIC,ranging,0.0002,0.0000,5,0,5,,,,,n/a
AAM6,ICHIMOKU_CLASSIC,high_vol,0.0002,0.0000,4,2,2,-532.7272727272755,-309.1574279379173,0.5,-0.7042638744378955,anti
AAM6,ICHIMOKU_CLASSIC,low_vol,0.0002,0.0000,0,0,0,,,,,n/a
AAM6,ICHIMOKU_CLASSIC,stress,0.0002,0.0000,12,0,12,,,,,n/a
AAM6,MA_TENSION_CLASSIC,ALL,0.0002,0.0000,29,8,21,-15.027785972662851,-3.119159568699795,0.4827586206896552,-0.7992477528149601,anti
AAM6,MA_TENSION_CLASSIC,trending_up,0.0002,0.0000,0,0,0,,,,,n/a
AAM6,MA_TENSION_CLASSIC,trending_down,0.0002,0.0000,7,0,7,,,,,n/a
AAM6,MA_TENSION_CLASSIC,ranging,0.0002,0.0000,9,6,3,-6.994287366833035,3.9074394015764966,0.3333333333333333,-0.7326302352377719,anti
AAM6,MA_TENSION_CLASSIC,high_vol,0.0002,0.0000,1,0,1,,,,,n/a
AAM6,MA_TENSION_CLASSIC,low_vol,0.0002,0.0000,0,0,0,,,,,n/a
AAM6,MA_TENSION_CLASSIC,stress,0.0002,0.0000,12,2,10,-39.1282817901523,-6.051657105935858,0.5,-2.3109130562962252,anti
AAM6,MAMA_FAMA_CLASSIC,ALL,0.0002,0.0000,32,9,23,-6.66451765952706,-77.18856453484699,0.5,0.42408859713508923,signal
AAM6,MAMA_FAMA_CLASSIC,trending_up,0.0002,0.0000,0,0,0,,,,,n/a
AAM6,MAMA_FAMA_CLASSIC,trending_down,0.0002,0.0000,7,2,5,-8.069696307625025,0.2765028078756995,0.2857142857142857,-0.8309494083130786,anti
AAM6,MAMA_FAMA_CLASSIC,ranging,0.0002,0.0000,8,5,3,-1.3098115068662506,3.9074394015764966,0.375,-0.5303897118736078,anti
AAM6,MAMA_FAMA_CLASSIC,high_vol,0.0002,0.0000,4,0,4,,,,,n/a
AAM6,MAMA_FAMA_CLASSIC,low_vol,0.0002,0.0000,0,0,0,,,,,n/a
AAM6,MAMA_FAMA_CLASSIC,stress,0.0002,0.0000,13,2,11,-18.646104393081117,-9.515674110473004,0.5384615384615384,-0.49151676648770415,anti
AAM6,ADAPTIVE_MA_CLASSIC,ALL,0.0002,0.0000,27,6,21,-82.20707251797286,-33.74015361589487,0.4074074074074074,-0.33390101106326703,anti
AAM6,ADAPTIVE_MA_CLASSIC,trending_up,0.0002,0.0000,0,0,0,,,,,n/a
AAM6,ADAPTIVE_MA_CLASSIC,trending_down,0.0002,0.0000,6,3,3,-8.155510053906124,0.5581536566703361,0.16666666666666666,-0.905987285280308,anti
AAM6,ADAPTIVE_MA_CLASSIC,ranging,0.0002,0.0000,6,1,5,,,,,n/a
AAM6,ADAPTIVE_MA_CLASSIC,high_vol,0.0002,0.0000,3,1,2,,,,,n/a
AAM6,ADAPTIVE_MA_CLASSIC,low_vol,0.0002,0.0000,0,0,0,,,,,n/a
AAM6,ADAPTIVE_MA_CLASSIC,stress,0.0002,0.0000,12,1,11,,,,,n/a
AAM6,ZLEMA_CLASSIC,ALL,0.0002,0.0000,15,9,6,-57.187300643339235,-10.54720434637281,0.3333333333333333,-0.3968146499599799,anti
AAM6,ZLEMA_CLASSIC,trending_up,0.0002,0.0000,0,0,0,,,,,n/a
AAM6,ZLEMA_CLASSIC,trending_down,0.0002,0.0000,6,5,1,,,,,n/a
AAM6,ZLEMA_CLASSIC,ranging,0.0002,0.0000,1,1,0,,,,,n/a
AAM6,ZLEMA_CLASSIC,high_vol,0.0002,0.0000,2,1,1,,,,,n/a
AAM6,ZLEMA_CLASSIC,low_vol,0.0002,0.0000,0,0,0,,,,,n/a
AAM6,ZLEMA_CLASSIC,stress,0.0002,0.0000,6,2,4,-9.934113260911484,-17.757780402572372,0.5,0.31352220158573146,signal
AAM6,T3_CLASSIC,ALL,0.0002,0.0000,25,8,17,-62.25472847574612,-6.604921075030407,0.4,-0.6278931165165846,anti
AAM6,T3_CLASSIC,trending_up,0.0002,0.0000,0,0,0,,,,,n/a
AAM6,T3_CLASSIC,trending_down,0.0002,0.0000,6,4,2,-4.1078348864706395,7.238092553970978,0.16666666666666666,-1.3125498698108216,anti
AAM6,T3_CLASSIC,ranging,0.0002,0.0000,7,1,6,,,,,n/a
AAM6,T3_CLASSIC,high_vol,0.0002,0.0000,2,1,1,,,,,n/a
AAM6,T3_CLASSIC,low_vol,0.0002,0.0000,0,0,0,,,,,n/a
AAM6,T3_CLASSIC,stress,0.0002,0.0000,10,2,8,-9.934113260911484,-14.9481904570213,0.6,0.2476308022667888,signal
92N6,PRICE_TREND,ALL,0.0773,0.0000,0,0,0,,,,,n/a
92N6,PRICE_TREND,trending_up,0.0773,0.0000,0,0,0,,,,,n/a
92N6,PRICE_TREND,trending_down,0.0773,0.0000,0,0,0,,,,,n/a
92N6,PRICE_TREND,ranging,0.0773,0.0000,0,0,0,,,,,n/a
92N6,PRICE_TREND,high_vol,0.0773,0.0000,0,0,0,,,,,n/a
92N6,PRICE_TREND,low_vol,0.0773,0.0000,0,0,0,,,,,n/a
92N6,PRICE_TREND,stress,0.0773,0.0000,0,0,0,,,,,n/a
92N6,VOL_MOMENTUM,ALL,0.0773,0.0000,38,12,26,-6.047009943637776,-12.096355351194022,0.5,0.11052890356611504,signal
92N6,VOL_MOMENTUM,trending_up,0.0773,0.0000,2,2,0,,,,,n/a
92N6,VOL_MOMENTUM,trending_down,0.0773,0.0000,12,0,12,,,,,n/a
92N6,VOL_MOMENTUM,ranging,0.0773,0.0000,14,7,7,-8.83876923832545,-0.8807903083743864,0.6428571428571429,-0.3933704566474369,anti
92N6,VOL_MOMENTUM,high_vol,0.0773,0.0000,0,0,0,,,,,n/a
92N6,VOL_MOMENTUM,low_vol,0.0773,0.0000,8,3,5,-7.8779703753211345,-1.7724051733567712,0.375,-0.8920120494881798,anti
92N6,VOL_MOMENTUM,stress,0.0773,0.0000,2,0,2,,,,,n/a
92N6,VWAP_SIGNAL,ALL,0.0773,0.0000,38,21,17,-49.72486411553026,-3.7461701825531994,0.2894736842105263,-0.5479782044559423,anti
92N6,VWAP_SIGNAL,trending_up,0.0773,0.0000,2,1,1,,,,,n/a
92N6,VWAP_SIGNAL,trending_down,0.0773,0.0000,10,7,3,-47.51606705030783,9.717192124435465,0.1,-0.5680614128421524,anti
92N6,VWAP_SIGNAL,ranging,0.0773,0.0000,14,9,5,-41.95930082217495,3.982960292214851,0.2857142857142857,-0.644599320621782,anti
92N6,VWAP_SIGNAL,high_vol,0.0773,0.0000,0,0,0,,,,,n/a
92N6,VWAP_SIGNAL,low_vol,0.0773,0.0000,8,3,5,-0.9723820483314155,4.961773858325583,0.5,-0.4432617143143537,anti
92N6,VWAP_SIGNAL,stress,0.0773,0.0000,4,1,3,,,,,n/a
92N6,BS_PRESSURE,ALL,0.0773,0.0000,0,0,0,,,,,n/a
92N6,BS_PRESSURE,trending_up,0.0773,0.0000,0,0,0,,,,,n/a
92N6,BS_PRESSURE,trending_down,0.0773,0.0000,0,0,0,,,,,n/a
92N6,BS_PRESSURE,ranging,0.0773,0.0000,0,0,0,,,,,n/a
92N6,BS_PRESSURE,high_vol,0.0773,0.0000,0,0,0,,,,,n/a
92N6,BS_PRESSURE,low_vol,0.0773,0.0000,0,0,0,,,,,n/a
92N6,BS_PRESSURE,stress,0.0773,0.0000,0,0,0,,,,,n/a
92N6,CANDLE_PATTERN,ALL,0.0773,0.0000,52,8,44,-44.37893422698799,-31.749210038580557,0.5192307692307693,-0.11545361531927373,anti
92N6,CANDLE_PATTERN,trending_up,0.0773,0.0000,2,0,2,,,,,n/a
92N6,CANDLE_PATTERN,trending_down,0.0773,0.0000,14,2,12,-2.9767441860465116,-69.6406269304839,0.35714285714285715,0.3918539185863919,signal
92N6,CANDLE_PATTERN,ranging,0.0773,0.0000,20,4,16,-6.090924932381284,-27.321864422948657,0.6,0.2737666340981107,signal
92N6,CANDLE_PATTERN,high_vol,0.0773,0.0000,0,0,0,,,,,n/a
92N6,CANDLE_PATTERN,low_vol,0.0773,0.0000,12,1,11,,,,,n/a
92N6,CANDLE_PATTERN,stress,0.0773,0.0000,4,1,3,,,,,n/a
92N6,TALIB_ANTISIGNAL,ALL,0.0773,0.0000,10,5,5,-27.378435812872887,-71.79086192923106,0.7,0.39416297964803954,signal
92N6,TALIB_ANTISIGNAL,trending_up,0.0773,0.0000,0,0,0,,,,,n/a
92N6,TALIB_ANTISIGNAL,trending_down,0.0773,0.0000,1,0,1,,,,,n/a
92N6,TALIB_ANTISIGNAL,ranging,0.0773,0.0000,5,2,3,10.333980582524273,-10.008025696005236,0.8,1.275822398212475,signal
92N6,TALIB_ANTISIGNAL,high_vol,0.0773,0.0000,0,0,0,,,,,n/a
92N6,TALIB_ANTISIGNAL,low_vol,0.0773,0.0000,0,0,0,,,,,n/a
92N6,TALIB_ANTISIGNAL,stress,0.0773,0.0000,4,3,1,,,,,n/a
92N6,ADAPTIVE_MA,ALL,0.0773,0.0000,13,1,12,,,,,n/a
92N6,ADAPTIVE_MA,trending_up,0.0773,0.0000,0,0,0,,,,,n/a
92N6,ADAPTIVE_MA,trending_down,0.0773,0.0000,4,0,4,,,,,n/a
92N6,ADAPTIVE_MA,ranging,0.0773,0.0000,4,1,3,,,,,n/a
92N6,ADAPTIVE_MA,high_vol,0.0773,0.0000,0,0,0,,,,,n/a
92N6,ADAPTIVE_MA,low_vol,0.0773,0.0000,3,0,3,,,,,n/a
92N6,ADAPTIVE_MA,stress,0.0773,0.0000,2,0,2,,,,,n/a
92N6,TREND_QUALITY,ALL,0.0773,0.0000,0,0,0,,,,,n/a
92N6,TREND_QUALITY,trending_up,0.0773,0.0000,0,0,0,,,,,n/a
92N6,TREND_QUALITY,trending_down,0.0773,0.0000,0,0,0,,,,,n/a
92N6,TREND_QUALITY,ranging,0.0773,0.0000,0,0,0,,,,,n/a
92N6,TREND_QUALITY,high_vol,0.0773,0.0000,0,0,0,,,,,n/a
92N6,TREND_QUALITY,low_vol,0.0773,0.0000,0,0,0,,,,,n/a
92N6,TREND_QUALITY,stress,0.0773,0.0000,0,0,0,,,,,n/a
92N6,FRACTAL,ALL,0.0773,0.0000,0,0,0,,,,,n/a
92N6,FRACTAL,trending_up,0.0773,0.0000,0,0,0,,,,,n/a
92N6,FRACTAL,trending_down,0.0773,0.0000,0,0,0,,,,,n/a
92N6,FRACTAL,ranging,0.0773,0.0000,0,0,0,,,,,n/a
92N6,FRACTAL,high_vol,0.0773,0.0000,0,0,0,,,,,n/a
92N6,FRACTAL,low_vol,0.0773,0.0000,0,0,0,,,,,n/a
92N6,FRACTAL,stress,0.0773,0.0000,0,0,0,,,,,n/a
92N6,ENTROPY,ALL,0.0773,0.0000,6,6,0,,,,,n/a
92N6,ENTROPY,trending_up,0.0773,0.0000,0,0,0,,,,,n/a
92N6,ENTROPY,trending_down,0.0773,0.0000,0,0,0,,,,,n/a
92N6,ENTROPY,ranging,0.0773,0.0000,2,2,0,,,,,n/a
92N6,ENTROPY,high_vol,0.0773,0.0000,0,0,0,,,,,n/a
92N6,ENTROPY,low_vol,0.0773,0.0000,4,4,0,,,,,n/a
92N6,ENTROPY,stress,0.0773,0.0000,0,0,0,,,,,n/a
92N6,FISHER_RSI,ALL,0.0773,0.0000,10,7,3,-89.06119299308155,-1.3210672580112255,0.5,-0.6484906631773593,anti
92N6,FISHER_RSI,trending_up,0.0773,0.0000,0,0,0,,,,,n/a
92N6,FISHER_RSI,trending_down,0.0773,0.0000,6,5,1,,,,,n/a
92N6,FISHER_RSI,ranging,0.0773,0.0000,2,1,1,,,,,n/a
92N6,FISHER_RSI,high_vol,0.0773,0.0000,0,0,0,,,,,n/a
92N6,FISHER_RSI,low_vol,0.0773,0.0000,1,0,1,,,,,n/a
92N6,FISHER_RSI,stress,0.0773,0.0000,1,1,0,,,,,n/a
92N6,KLINGER,ALL,0.0773,0.0000,36,23,13,-81.27289769483566,12.32554328329201,0.3611111111111111,-0.7700698907154211,anti
92N6,KLINGER,trending_up,0.0773,0.0000,2,0,2,,,,,n/a
92N6,KLINGER,trending_down,0.0773,0.0000,8,7,1,,,,,n/a
92N6,KLINGER,ranging,0.0773,0.0000,13,8,5,-61.117630256210155,19.791635646628503,0.5384615384615384,-0.9077612868631403,anti
92N6,KLINGER,high_vol,0.0773,0.0000,0,0,0,,,,,n/a
92N6,KLINGER,low_vol,0.0773,0.0000,9,6,3,-6.152742197569225,11.928050852101485,0.2222222222222222,-1.6569368403148954,anti
92N6,KLINGER,stress,0.0773,0.0000,4,2,2,-240.75,-0.030070114706486344,0.25,-2.8915292767194187,anti
92N6,VZO,ALL,0.0773,0.0000,49,7,42,-1.8210709514222503,-41.874709622371796,0.5714285714285714,0.3594330195663092,signal
92N6,VZO,trending_up,0.0773,0.0000,2,0,2,,,,,n/a
92N6,VZO,trending_down,0.0773,0.0000,13,0,13,,,,,n/a
92N6,VZO,ranging,0.0773,0.0000,19,4,15,-4.113431784584533,-28.925555518008686,0.5789473684210527,0.3118693859151741,signal
92N6,VZO,high_vol,0.0773,0.0000,0,0,0,,,,,n/a
92N6,VZO,low_vol,0.0773,0.0000,11,3,8,1.2354101594607922,-1.952218985839257,0.6363636363636364,0.26531141336456776,signal
92N6,VZO,stress,0.0773,0.0000,4,0,4,,,,,n/a
92N6,DONCHIAN,ALL,0.0773,0.0000,37,26,11,-38.02478224633009,-41.89598241688821,0.43243243243243246,0.03259965492855372,noise
92N6,DONCHIAN,trending_up,0.0773,0.0000,1,1,0,,,,,n/a
92N6,DONCHIAN,trending_down,0.0773,0.0000,13,7,6,-77.525451551761,-49.41272736484775,0.46153846153846156,-0.15787512894692382,anti
92N6,DONCHIAN,ranging,0.0773,0.0000,12,12,0,,,,,n/a
92N6,DONCHIAN,high_vol,0.0773,0.0000,0,0,0,,,,,n/a
92N6,DONCHIAN,low_vol,0.0773,0.0000,9,5,4,3.6424443449410235,-1.719860599170944,0.5555555555555556,0.45503540039006496,signal
92N6,DONCHIAN,stress,0.0773,0.0000,2,1,1,,,,,n/a
92N6,ADX_DI_CONVERGENCE,ALL,0.0773,0.0000,2,1,1,,,,,n/a
92N6,ADX_DI_CONVERGENCE,trending_up,0.0773,0.0000,0,0,0,,,,,n/a
92N6,ADX_DI_CONVERGENCE,trending_down,0.0773,0.0000,2,1,1,,,,,n/a
92N6,ADX_DI_CONVERGENCE,ranging,0.0773,0.0000,0,0,0,,,,,n/a
92N6,ADX_DI_CONVERGENCE,high_vol,0.0773,0.0000,0,0,0,,,,,n/a
92N6,ADX_DI_CONVERGENCE,low_vol,0.0773,0.0000,0,0,0,,,,,n/a
92N6,ADX_DI_CONVERGENCE,stress,0.0773,0.0000,0,0,0,,,,,n/a
92N6,ULT_OSC_DISAGREEMENT,ALL,0.0773,0.0000,11,0,11,,,,,n/a
92N6,ULT_OSC_DISAGREEMENT,trending_up,0.0773,0.0000,1,0,1,,,,,n/a
92N6,ULT_OSC_DISAGREEMENT,trending_down,0.0773,0.0000,5,0,5,,,,,n/a
92N6,ULT_OSC_DISAGREEMENT,ranging,0.0773,0.0000,3,0,3,,,,,n/a
92N6,ULT_OSC_DISAGREEMENT,high_vol,0.0773,0.0000,0,0,0,,,,,n/a
92N6,ULT_OSC_DISAGREEMENT,low_vol,0.0773,0.0000,2,0,2,,,,,n/a
92N6,ULT_OSC_DISAGREEMENT,stress,0.0773,0.0000,0,0,0,,,,,n/a
92N6,TWIGGS,ALL,0.0773,0.0000,43,16,27,9.79805397653172,-58.844950186123555,0.6976744186046512,0.6436474152775156,signal
92N6,TWIGGS,trending_up,0.0773,0.0000,2,2,0,,,,,n/a
92N6,TWIGGS,trending_down,0.0773,0.0000,10,6,4,3.4519335857878146,-136.4694520192183,0.5,0.8180344436188126,signal
92N6,TWIGGS,ranging,0.0773,0.0000,18,4,14,17.51921333275765,-36.990255547787804,0.6666666666666666,0.6900740933375524,signal
92N6,TWIGGS,high_vol,0.0773,0.0000,0,0,0,,,,,n/a
92N6,TWIGGS,low_vol,0.0773,0.0000,9,3,6,17.662337662337663,-7.243318288145317,0.8888888888888888,2.0569824243629133,signal
92N6,TWIGGS,stress,0.0773,0.0000,4,1,3,,,,,n/a
92N6,RMI,ALL,0.0773,0.0000,49,33,16,-35.2558993810946,-35.57324769570146,0.5102040816326531,0.0028157180929632582,noise
92N6,RMI,trending_up,0.0773,0.0000,2,0,2,,,,,n/a
92N6,RMI,trending_down,0.0773,0.0000,12,9,3,-30.493782518205382,-183.4557438794727,0.5,0.8890113607732896,signal
92N6,RMI,ranging,0.0773,0.0000,19,14,5,-29.944252947162912,-7.948730733190615,0.47368421052631576,-0.2766375189019939,anti
92N6,RMI,high_vol,0.0773,0.0000,0,0,0,,,,,n/a
92N6,RMI,low_vol,0.0773,0.0000,12,7,5,1.6666692895512436,1.6220210506242618,0.5833333333333334,0.0029403199898821526,noise
92N6,RMI,stress,0.0773,0.0000,4,3,1,,,,,n/a
92N6,ZSCORE,ALL,0.0773,0.0000,20,9,11,-23.37057185505857,-10.540792131177755,0.7,-0.20361024735575828,anti
92N6,ZSCORE,trending_up,0.0773,0.0000,0,0,0,,,,,n/a
92N6,ZSCORE,trending_down,0.0773,0.0000,4,1,3,,,,,n/a
92N6,ZSCORE,ranging,0.0773,0.0000,10,4,6,-57.080815639462145,-17.935356391688607,0.7,-0.44330954468644646,anti
92N6,ZSCORE,high_vol,0.0773,0.0000,0,0,0,,,,,n/a
92N6,ZSCORE,low_vol,0.0773,0.0000,4,2,2,2.71978021978022,-3.78596541579967,0.75,1.346970200566837,signal
92N6,ZSCORE,stress,0.0773,0.0000,2,2,0,,,,,n/a
92N6,ZLEMA_SIGNAL,ALL,0.0773,0.0000,23,14,9,-9.845741999275273,-15.765840509431579,0.30434782608695654,0.1407983807582317,signal
92N6,ZLEMA_SIGNAL,trending_up,0.0773,0.0000,1,0,1,,,,,n/a
92N6,ZLEMA_SIGNAL,trending_down,0.0773,0.0000,6,6,0,,,,,n/a
92N6,ZLEMA_SIGNAL,ranging,0.0773,0.0000,10,6,4,-18.82091375195557,-41.89916502992674,0.3,0.3714346279155526,signal
92N6,ZLEMA_SIGNAL,high_vol,0.0773,0.0000,0,0,0,,,,,n/a
92N6,ZLEMA_SIGNAL,low_vol,0.0773,0.0000,4,2,2,-3.8636363636363638,2.8821178821178823,0.25,-1.4854520729431515,anti
92N6,ZLEMA_SIGNAL,stress,0.0773,0.0000,2,0,2,,,,,n/a
92N6,T3_SIGNAL,ALL,0.0773,0.0000,23,13,10,-10.441163448612237,-29.939256458488416,0.34782608695652173,0.3805068462836223,signal
92N6,T3_SIGNAL,trending_up,0.0773,0.0000,1,0,1,,,,,n/a
92N6,T3_SIGNAL,trending_down,0.0773,0.0000,6,6,0,,,,,n/a
92N6,T3_SIGNAL,ranging,0.0773,0.0000,9,5,4,-22.164043870767735,-41.89916502992674,0.3333333333333333,0.2987402243802923,signal
92N6,T3_SIGNAL,high_vol,0.0773,0.0000,0,0,0,,,,,n/a
92N6,T3_SIGNAL,low_vol,0.0773,0.0000,4,2,2,-3.8636363636363638,2.8821178821178823,0.25,-1.4854520729431515,anti
92N6,T3_SIGNAL,stress,0.0773,0.0000,3,0,3,,,,,n/a
92N6,SINEWAVE_SIGNAL,ALL,0.0773,0.0000,42,20,22,-55.52135659602209,-31.127263990092455,0.38095238095238093,-0.2045542409386574,anti
92N6,SINEWAVE_SIGNAL,trending_up,0.0773,0.0000,2,0,2,,,,,n/a
92N6,SINEWAVE_SIGNAL,trending_down,0.0773,0.0000,11,7,4,-77.3774722131984,-79.82167120146482,0.5454545454545454,0.012613286298052523,noise
92N6,SINEWAVE_SIGNAL,ranging,0.0773,0.0000,17,5,12,-9.096108590424498,-32.4234067595355,0.47058823529411764,0.28181992028904373,signal
92N6,SINEWAVE_SIGNAL,high_vol,0.0773,0.0000,0,0,0,,,,,n/a
92N6,SINEWAVE_SIGNAL,low_vol,0.0773,0.0000,9,6,3,-6.967380579321701,3.5247874488380817,0.1111111111111111,-2.5002720561814753,anti
92N6,SINEWAVE_SIGNAL,stress,0.0773,0.0000,3,2,1,,,,,n/a
92N6,SSA_SIGNAL,ALL,0.0773,0.0000,23,23,0,,,,,n/a
92N6,SSA_SIGNAL,trending_up,0.0773,0.0000,1,1,0,,,,,n/a
92N6,SSA_SIGNAL,trending_down,0.0773,0.0000,7,7,0,,,,,n/a
92N6,SSA_SIGNAL,ranging,0.0773,0.0000,11,11,0,,,,,n/a
92N6,SSA_SIGNAL,high_vol,0.0773,0.0000,0,0,0,,,,,n/a
92N6,SSA_SIGNAL,low_vol,0.0773,0.0000,3,3,0,,,,,n/a
92N6,SSA_SIGNAL,stress,0.0773,0.0000,1,1,0,,,,,n/a
92N6,NADARAYA_WATSON,ALL,0.0773,0.0000,48,48,0,,,,,n/a
92N6,NADARAYA_WATSON,trending_up,0.0773,0.0000,1,1,0,,,,,n/a
92N6,NADARAYA_WATSON,trending_down,0.0773,0.0000,14,14,0,,,,,n/a
92N6,NADARAYA_WATSON,ranging,0.0773,0.0000,17,17,0,,,,,n/a
92N6,NADARAYA_WATSON,high_vol,0.0773,0.0000,0,0,0,,,,,n/a
92N6,NADARAYA_WATSON,low_vol,0.0773,0.0000,12,12,0,,,,,n/a
92N6,NADARAYA_WATSON,stress,0.0773,0.0000,4,4,0,,,,,n/a
92N6,FRACTIONAL_DIFF,ALL,0.0773,0.0000,32,27,5,-36.33676985839913,-53.79251113767002,0.1875,0.1388377115317372,signal
92N6,FRACTIONAL_DIFF,trending_up,0.0773,0.0000,1,1,0,,,,,n/a
92N6,FRACTIONAL_DIFF,trending_down,0.0773,0.0000,9,7,2,-81.2576669604603,-149.25120772946858,0.2222222222222222,0.3208576774898741,signal
92N6,FRACTIONAL_DIFF,ranging,0.0773,0.0000,11,10,1,,,,,n/a
92N6,FRACTIONAL_DIFF,high_vol,0.0773,0.0000,0,0,0,,,,,n/a
92N6,FRACTIONAL_DIFF,low_vol,0.0773,0.0000,8,8,0,,,,,n/a
92N6,FRACTIONAL_DIFF,stress,0.0773,0.0000,3,1,2,,,,,n/a
92N6,HAWKES_SIGNAL,ALL,0.0773,0.0000,52,25,27,-42.96302008254318,-25.10819309073588,0.7115384615384616,-0.1636372361025682,anti
92N6,HAWKES_SIGNAL,trending_up,0.0773,0.0000,2,1,1,,,,,n/a
92N6,HAWKES_SIGNAL,trending_down,0.0773,0.0000,14,8,6,-104.96843189677855,-0.31559272727859655,0.5714285714285714,-0.643509587970699,anti
92N6,HAWKES_SIGNAL,ranging,0.0773,0.0000,20,9,11,3.427338075762142,-44.75996119805118,0.75,0.6523857159448266,signal
92N6,HAWKES_SIGNAL,high_vol,0.0773,0.0000,0,0,0,,,,,n/a
92N6,HAWKES_SIGNAL,low_vol,0.0773,0.0000,12,4,8,9.72151266455064,-2.388657547277818,0.8333333333333334,0.875182493610844,signal
92N6,HAWKES_SIGNAL,stress,0.0773,0.0000,4,3,1,,,,,n/a
92N6,VSA,ALL,0.0773,0.0000,8,5,3,-4.567710182235976,6.851867204828916,0.5,-0.8645089036783236,anti
92N6,VSA,trending_up,0.0773,0.0000,0,0,0,,,,,n/a
92N6,VSA,trending_down,0.0773,0.0000,1,1,0,,,,,n/a
92N6,VSA,ranging,0.0773,0.0000,5,3,2,-5.986845891396391,10.333980582524273,0.4,-0.9187728358299188,anti
92N6,VSA,high_vol,0.0773,0.0000,0,0,0,,,,,n/a
92N6,VSA,low_vol,0.0773,0.0000,0,0,0,,,,,n/a
92N6,VSA,stress,0.0773,0.0000,2,1,1,,,,,n/a
92N6,WICK_REJECTION,ALL,0.0773,0.0000,13,5,8,3.9178455016550444,1.9396899956415514,0.5384615384615384,0.1655203203379269,signal
92N6,WICK_REJECTION,trending_up,0.0773,0.0000,0,0,0,,,,,n/a
92N6,WICK_REJECTION,trending_down,0.0773,0.0000,6,2,4,-2.9767441860465116,2.0414294750158124,0.16666666666666666,-0.5931836404117291,anti
92N6,WICK_REJECTION,ranging,0.0773,0.0000,5,3,2,8.514238626789416,9.99774011299435,0.8,-0.08794468177592163,anti
92N6,WICK_REJECTION,high_vol,0.0773,0.0000,0,0,0,,,,,n/a
92N6,WICK_REJECTION,low_vol,0.0773,0.0000,2,0,2,,,,,n/a
92N6,WICK_REJECTION,stress,0.0773,0.0000,0,0,0,,,,,n/a
92N6,TRIANGLE,ALL,0.0773,0.0000,1,0,1,,,,,n/a
92N6,TRIANGLE,trending_up,0.0773,0.0000,0,0,0,,,,,n/a
92N6,TRIANGLE,trending_down,0.0773,0.0000,1,0,1,,,,,n/a
92N6,TRIANGLE,ranging,0.0773,0.0000,0,0,0,,,,,n/a
92N6,TRIANGLE,high_vol,0.0773,0.0000,0,0,0,,,,,n/a
92N6,TRIANGLE,low_vol,0.0773,0.0000,0,0,0,,,,,n/a
92N6,TRIANGLE,stress,0.0773,0.0000,0,0,0,,,,,n/a
92N6,PRICE_ACCEL,ALL,0.0773,0.0000,33,21,12,-3.4242248462788116,3.8621589287993445,0.30303030303030304,-0.7689855348848428,anti
92N6,PRICE_ACCEL,trending_up,0.0773,0.0000,2,0,2,,,,,n/a
92N6,PRICE_ACCEL,trending_down,0.0773,0.0000,9,8,1,,,,,n/a
92N6,PRICE_ACCEL,ranging,0.0773,0.0000,13,8,5,-8.25841394776943,9.242135409083357,0.07692307692307693,-1.8431692313608352,anti
92N6,PRICE_ACCEL,high_vol,0.0773,0.0000,0,0,0,,,,,n/a
92N6,PRICE_ACCEL,low_vol,0.0773,0.0000,7,5,2,-2.409357363303209,-5.86127516352321,0.42857142857142855,0.611093410325024,signal
92N6,PRICE_ACCEL,stress,0.0773,0.0000,2,0,2,,,,,n/a
92N6,CUMUL_DELTA,ALL,0.0773,0.0000,50,18,32,-39.097546842916536,-22.47845749321285,0.54,-0.16126733163047655,anti
92N6,CUMUL_DELTA,trending_up,0.0773,0.0000,2,2,0,,,,,n/a
92N6,CUMUL_DELTA,trending_down,0.0773,0.0000,13,2,11,-156.06718346253228,-47.68876473224507,0.3076923076923077,-0.6240533266393818,anti
92N6,CUMUL_DELTA,ranging,0.0773,0.0000,20,12,8,-35.488446168060214,-4.456522059997635,0.6,-0.40615709878714756,anti
92N6,CUMUL_DELTA,high_vol,0.0773,0.0000,0,0,0,,,,,n/a
92N6,CUMUL_DELTA,low_vol,0.0773,0.0000,12,2,10,10.649350649350648,-0.1521911018721287,0.6666666666666666,0.7433729958099321,signal
92N6,CUMUL_DELTA,stress,0.0773,0.0000,3,0,3,,,,,n/a
92N6,AMT_POC,ALL,0.0773,0.0000,33,0,33,,,,,n/a
92N6,AMT_POC,trending_up,0.0773,0.0000,0,0,0,,,,,n/a
92N6,AMT_POC,trending_down,0.0773,0.0000,12,0,12,,,,,n/a
92N6,AMT_POC,ranging,0.0773,0.0000,10,0,10,,,,,n/a
92N6,AMT_POC,high_vol,0.0773,0.0000,0,0,0,,,,,n/a
92N6,AMT_POC,low_vol,0.0773,0.0000,7,0,7,,,,,n/a
92N6,AMT_POC,stress,0.0773,0.0000,4,0,4,,,,,n/a
92N6,VSA_ABSORPTION,ALL,0.0773,0.0000,1,1,0,,,,,n/a
92N6,VSA_ABSORPTION,trending_up,0.0773,0.0000,0,0,0,,,,,n/a
92N6,VSA_ABSORPTION,trending_down,0.0773,0.0000,0,0,0,,,,,n/a
92N6,VSA_ABSORPTION,ranging,0.0773,0.0000,1,1,0,,,,,n/a
92N6,VSA_ABSORPTION,high_vol,0.0773,0.0000,0,0,0,,,,,n/a
92N6,VSA_ABSORPTION,low_vol,0.0773,0.0000,0,0,0,,,,,n/a
92N6,VSA_ABSORPTION,stress,0.0773,0.0000,0,0,0,,,,,n/a
92N6,CASCADE,ALL,0.0773,0.0000,5,3,2,6.851867204828916,-8.68733850129199,0.6,0.9268036555735201,signal
92N6,CASCADE,trending_up,0.0773,0.0000,0,0,0,,,,,n/a
92N6,CASCADE,trending_down,0.0773,0.0000,1,0,1,,,,,n/a
92N6,CASCADE,ranging,0.0773,0.0000,3,2,1,,,,,n/a
92N6,CASCADE,high_vol,0.0773,0.0000,0,0,0,,,,,n/a
92N6,CASCADE,low_vol,0.0773,0.0000,0,0,0,,,,,n/a
92N6,CASCADE,stress,0.0773,0.0000,1,1,0,,,,,n/a
92N6,IMPULSE_PULLBACK,ALL,0.0773,0.0000,25,10,15,-3.803884028558388,-64.03857275314874,0.36,0.49217315411240836,signal
92N6,IMPULSE_PULLBACK,trending_up,0.0773,0.0000,2,1,1,,,,,n/a
92N6,IMPULSE_PULLBACK,trending_down,0.0773,0.0000,9,1,8,,,,,n/a
92N6,IMPULSE_PULLBACK,ranging,0.0773,0.0000,10,5,5,-0.3541453779155078,-59.61147788633728,0.6,0.7182031080691862,signal
92N6,IMPULSE_PULLBACK,high_vol,0.0773,0.0000,0,0,0,,,,,n/a
92N6,IMPULSE_PULLBACK,low_vol,0.0773,0.0000,3,3,0,,,,,n/a
92N6,IMPULSE_PULLBACK,stress,0.0773,0.0000,1,0,1,,,,,n/a
92N6,ELLIOTT_WAVE,ALL,0.0773,0.0000,0,0,0,,,,,n/a
92N6,ELLIOTT_WAVE,trending_up,0.0773,0.0000,0,0,0,,,,,n/a
92N6,ELLIOTT_WAVE,trending_down,0.0773,0.0000,0,0,0,,,,,n/a
92N6,ELLIOTT_WAVE,ranging,0.0773,0.0000,0,0,0,,,,,n/a
92N6,ELLIOTT_WAVE,high_vol,0.0773,0.0000,0,0,0,,,,,n/a
92N6,ELLIOTT_WAVE,low_vol,0.0773,0.0000,0,0,0,,,,,n/a
92N6,ELLIOTT_WAVE,stress,0.0773,0.0000,0,0,0,,,,,n/a
92N6,VPIN_TOXICITY,ALL,0.0773,0.0000,1,1,0,,,,,n/a
92N6,VPIN_TOXICITY,trending_up,0.0773,0.0000,0,0,0,,,,,n/a
92N6,VPIN_TOXICITY,trending_down,0.0773,0.0000,0,0,0,,,,,n/a
92N6,VPIN_TOXICITY,ranging,0.0773,0.0000,0,0,0,,,,,n/a
92N6,VPIN_TOXICITY,high_vol,0.0773,0.0000,0,0,0,,,,,n/a
92N6,VPIN_TOXICITY,low_vol,0.0773,0.0000,1,1,0,,,,,n/a
92N6,VPIN_TOXICITY,stress,0.0773,0.0000,0,0,0,,,,,n/a
92N6,AMIHUD_SHOCK,ALL,0.0773,0.0000,4,2,2,-1.7125573633708804,-32.692389006342495,0.75,1.1017890322473638,signal
92N6,AMIHUD_SHOCK,trending_up,0.0773,0.0000,0,0,0,,,,,n/a
92N6,AMIHUD_SHOCK,trending_down,0.0773,0.0000,2,1,1,,,,,n/a
92N6,AMIHUD_SHOCK,ranging,0.0773,0.0000,2,1,1,,,,,n/a
92N6,AMIHUD_SHOCK,high_vol,0.0773,0.0000,0,0,0,,,,,n/a
92N6,AMIHUD_SHOCK,low_vol,0.0773,0.0000,0,0,0,,,,,n/a
92N6,AMIHUD_SHOCK,stress,0.0773,0.0000,0,0,0,,,,,n/a
92N6,BIPOWER_JUMP,ALL,0.0773,0.0000,3,1,2,,,,,n/a
92N6,BIPOWER_JUMP,trending_up,0.0773,0.0000,1,1,0,,,,,n/a
92N6,BIPOWER_JUMP,trending_down,0.0773,0.0000,1,0,1,,,,,n/a
92N6,BIPOWER_JUMP,ranging,0.0773,0.0000,1,0,1,,,,,n/a
92N6,BIPOWER_JUMP,high_vol,0.0773,0.0000,0,0,0,,,,,n/a
92N6,BIPOWER_JUMP,low_vol,0.0773,0.0000,0,0,0,,,,,n/a
92N6,BIPOWER_JUMP,stress,0.0773,0.0000,0,0,0,,,,,n/a
92N6,ANCHORED_VWAP,ALL,0.0773,0.0000,27,8,19,-8.79887160172313,-34.96724068581463,0.25925925925925924,0.2872795567318473,signal
92N6,ANCHORED_VWAP,trending_up,0.0773,0.0000,1,1,0,,,,,n/a
92N6,ANCHORED_VWAP,trending_down,0.0773,0.0000,7,2,5,-2.9767441860465116,-55.582836032963904,0.14285714285714285,0.4114910640522418,signal
92N6,ANCHORED_VWAP,ranging,0.0773,0.0000,8,4,4,-12.59141847482331,11.844268840995738,0.125,-2.022576435292659,anti
92N6,ANCHORED_VWAP,high_vol,0.0773,0.0000,0,0,0,,,,,n/a
92N6,ANCHORED_VWAP,low_vol,0.0773,0.0000,7,1,6,,,,,n/a
92N6,ANCHORED_VWAP,stress,0.0773,0.0000,4,0,4,,,,,n/a
92N6,DFA_REGIME,ALL,0.0773,0.0000,15,8,7,-8.191413373637165,-17.544182205912854,0.8666666666666667,0.19797669575738613,signal
92N6,DFA_REGIME,trending_up,0.0773,0.0000,1,0,1,,,,,n/a
92N6,DFA_REGIME,trending_down,0.0773,0.0000,4,3,1,,,,,n/a
92N6,DFA_REGIME,ranging,0.0773,0.0000,8,3,5,10.465725288831836,-22.164043870767735,0.875,1.5422804427852987,signal
92N6,DFA_REGIME,high_vol,0.0773,0.0000,0,0,0,,,,,n/a
92N6,DFA_REGIME,low_vol,0.0773,0.0000,1,1,0,,,,,n/a
92N6,DFA_REGIME,stress,0.0773,0.0000,1,1,0,,,,,n/a
92N6,WANING_IMPULSES,ALL,0.0773,0.0000,23,16,7,2.8777708423426525,8.504899409935454,0.5217391304347826,-0.24019937936336255,anti
92N6,WANING_IMPULSES,trending_up,0.0773,0.0000,2,0,2,,,,,n/a
92N6,WANING_IMPULSES,trending_down,0.0773,0.0000,5,5,0,,,,,n/a
92N6,WANING_IMPULSES,ranging,0.0773,0.0000,10,6,4,-4.294133810575485,13.40152660298674,0.5,-0.5331911932386725,anti
92N6,WANING_IMPULSES,high_vol,0.0773,0.0000,0,0,0,,,,,n/a
92N6,WANING_IMPULSES,low_vol,0.0773,0.0000,6,5,1,,,,,n/a
92N6,WANING_IMPULSES,stress,0.0773,0.0000,0,0,0,,,,,n/a
92N6,VOL_COMPRESSION,ALL,0.0773,0.0000,1,0,1,,,,,n/a
92N6,VOL_COMPRESSION,trending_up,0.0773,0.0000,0,0,0,,,,,n/a
92N6,VOL_COMPRESSION,trending_down,0.0773,0.0000,0,0,0,,,,,n/a
92N6,VOL_COMPRESSION,ranging,0.0773,0.0000,0,0,0,,,,,n/a
92N6,VOL_COMPRESSION,high_vol,0.0773,0.0000,0,0,0,,,,,n/a
92N6,VOL_COMPRESSION,low_vol,0.0773,0.0000,0,0,0,,,,,n/a
92N6,VOL_COMPRESSION,stress,0.0773,0.0000,1,0,1,,,,,n/a
92N6,FALSE_BREAKOUT,ALL,0.0773,0.0000,0,0,0,,,,,n/a
92N6,FALSE_BREAKOUT,trending_up,0.0773,0.0000,0,0,0,,,,,n/a
92N6,FALSE_BREAKOUT,trending_down,0.0773,0.0000,0,0,0,,,,,n/a
92N6,FALSE_BREAKOUT,ranging,0.0773,0.0000,0,0,0,,,,,n/a
92N6,FALSE_BREAKOUT,high_vol,0.0773,0.0000,0,0,0,,,,,n/a
92N6,FALSE_BREAKOUT,low_vol,0.0773,0.0000,0,0,0,,,,,n/a
92N6,FALSE_BREAKOUT,stress,0.0773,0.0000,0,0,0,,,,,n/a
92N6,LEVEL_ABSORPTION,ALL,0.0773,0.0000,0,0,0,,,,,n/a
92N6,LEVEL_ABSORPTION,trending_up,0.0773,0.0000,0,0,0,,,,,n/a
92N6,LEVEL_ABSORPTION,trending_down,0.0773,0.0000,0,0,0,,,,,n/a
92N6,LEVEL_ABSORPTION,ranging,0.0773,0.0000,0,0,0,,,,,n/a
92N6,LEVEL_ABSORPTION,high_vol,0.0773,0.0000,0,0,0,,,,,n/a
92N6,LEVEL_ABSORPTION,low_vol,0.0773,0.0000,0,0,0,,,,,n/a
92N6,LEVEL_ABSORPTION,stress,0.0773,0.0000,0,0,0,,,,,n/a
92N6,ICHIMOKU_SIGNAL,ALL,0.0773,0.0000,7,2,5,-9.081619398138125,8.944102713221643,0.2857142857142857,-0.9544025718267318,anti
92N6,ICHIMOKU_SIGNAL,trending_up,0.0773,0.0000,0,0,0,,,,,n/a
92N6,ICHIMOKU_SIGNAL,trending_down,0.0773,0.0000,0,0,0,,,,,n/a
92N6,ICHIMOKU_SIGNAL,ranging,0.0773,0.0000,2,2,0,,,,,n/a
92N6,ICHIMOKU_SIGNAL,high_vol,0.0773,0.0000,0,0,0,,,,,n/a
92N6,ICHIMOKU_SIGNAL,low_vol,0.0773,0.0000,5,0,5,,,,,n/a
92N6,ICHIMOKU_SIGNAL,stress,0.0773,0.0000,0,0,0,,,,,n/a
92N6,BB_KELTNER_SQUEEZE,ALL,0.0773,0.0000,52,17,35,-3.8074847847988194,-48.20769926205338,0.4230769230769231,0.4133678089221181,signal
92N6,BB_KELTNER_SQUEEZE,trending_up,0.0773,0.0000,2,1,1,,,,,n/a
92N6,BB_KELTNER_SQUEEZE,trending_down,0.0773,0.0000,14,4,10,-5.695806401931609,-81.88577859301735,0.21428571428571427,0.45374465884735693,signal
92N6,BB_KELTNER_SQUEEZE,ranging,0.0773,0.0000,20,11,9,-3.1064460445596382,-47.4825137785053,0.45,0.5955157987481952,signal
92N6,BB_KELTNER_SQUEEZE,high_vol,0.0773,0.0000,0,0,0,,,,,n/a
92N6,BB_KELTNER_SQUEEZE,low_vol,0.0773,0.0000,12,1,11,,,,,n/a
92N6,BB_KELTNER_SQUEEZE,stress,0.0773,0.0000,4,0,4,,,,,n/a
92N6,MA_ENVELOPE,ALL,0.0773,0.0000,23,9,14,-26.30512191968163,-39.78153932014983,0.5652173913043478,0.1360073691872732,signal
92N6,MA_ENVELOPE,trending_up,0.0773,0.0000,1,1,0,,,,,n/a
92N6,MA_ENVELOPE,trending_down,0.0773,0.0000,7,2,5,-160.3942652329749,7.48634254169738,0.14285714285714285,-1.7564404319681046,anti
92N6,MA_ENVELOPE,ranging,0.0773,0.0000,7,1,6,,,,,n/a
92N6,MA_ENVELOPE,high_vol,0.0773,0.0000,0,0,0,,,,,n/a
92N6,MA_ENVELOPE,low_vol,0.0773,0.0000,4,4,0,,,,,n/a
92N6,MA_ENVELOPE,stress,0.0773,0.0000,4,1,3,,,,,n/a
92N6,MA_TENSION,ALL,0.0773,0.0000,0,0,0,,,,,n/a
92N6,MA_TENSION,trending_up,0.0773,0.0000,0,0,0,,,,,n/a
92N6,MA_TENSION,trending_down,0.0773,0.0000,0,0,0,,,,,n/a
92N6,MA_TENSION,ranging,0.0773,0.0000,0,0,0,,,,,n/a
92N6,MA_TENSION,high_vol,0.0773,0.0000,0,0,0,,,,,n/a
92N6,MA_TENSION,low_vol,0.0773,0.0000,0,0,0,,,,,n/a
92N6,MA_TENSION,stress,0.0773,0.0000,0,0,0,,,,,n/a
92N6,RSI_DIVERGENCE,ALL,0.0773,0.0000,2,2,0,,,,,n/a
92N6,RSI_DIVERGENCE,trending_up,0.0773,0.0000,0,0,0,,,,,n/a
92N6,RSI_DIVERGENCE,trending_down,0.0773,0.0000,2,2,0,,,,,n/a
92N6,RSI_DIVERGENCE,ranging,0.0773,0.0000,0,0,0,,,,,n/a
92N6,RSI_DIVERGENCE,high_vol,0.0773,0.0000,0,0,0,,,,,n/a
92N6,RSI_DIVERGENCE,low_vol,0.0773,0.0000,0,0,0,,,,,n/a
92N6,RSI_DIVERGENCE,stress,0.0773,0.0000,0,0,0,,,,,n/a
92N6,ATR_EXHAUSTION,ALL,0.0773,0.0000,41,18,23,-45.820594536365924,-8.134460459506526,0.43902439024390244,-0.4485205055032868,anti
92N6,ATR_EXHAUSTION,trending_up,0.0773,0.0000,2,2,0,,,,,n/a
92N6,ATR_EXHAUSTION,trending_down,0.0773,0.0000,10,3,7,-98.27886710239652,3.4037853566030405,0.4,-1.1003041038331403,anti
92N6,ATR_EXHAUSTION,ranging,0.0773,0.0000,16,8,8,-48.926176159930286,15.398762484756915,0.3125,-0.9461510207420206,anti
92N6,ATR_EXHAUSTION,high_vol,0.0773,0.0000,0,0,0,,,,,n/a
92N6,ATR_EXHAUSTION,low_vol,0.0773,0.0000,9,4,5,1.5085331153641937,-2.009809542702757,0.6666666666666666,0.2629897112166869,signal
92N6,ATR_EXHAUSTION,stress,0.0773,0.0000,4,1,3,,,,,n/a
92N6,ALLIGATOR,ALL,0.0773,0.0000,30,10,20,5.632823407965475,-65.03788253813978,0.4666666666666667,0.5511377556120405,signal
92N6,ALLIGATOR,trending_up,0.0773,0.0000,2,1,1,,,,,n/a
92N6,ALLIGATOR,trending_down,0.0773,0.0000,9,3,6,-1.5572070018034452,-139.2765463673392,0.3333333333333333,0.6780024214502492,signal
92N6,ALLIGATOR,ranging,0.0773,0.0000,9,5,4,13.75459286575251,3.0981213102990903,0.5555555555555556,0.30554443545215587,signal
92N6,ALLIGATOR,high_vol,0.0773,0.0000,0,0,0,,,,,n/a
92N6,ALLIGATOR,low_vol,0.0773,0.0000,6,1,5,,,,,n/a
92N6,ALLIGATOR,stress,0.0773,0.0000,4,0,4,,,,,n/a
92N6,MAMA_FAMA,ALL,0.0773,0.0000,49,24,25,-20.29902411449325,-50.177137267859436,0.42857142857142855,0.2676907923398014,signal
92N6,MAMA_FAMA,trending_up,0.0773,0.0000,2,2,0,,,,,n/a
92N6,MAMA_FAMA,trending_down,0.0773,0.0000,12,5,7,-2.5694389400317053,-117.01662821184324,0.25,0.6504928079145571,signal
92N6,MAMA_FAMA,ranging,0.0773,0.0000,20,12,8,-38.45281574679965,-0.009967691888489227,0.5,-0.5091775436695916,anti
92N6,MAMA_FAMA,high_vol,0.0773,0.0000,0,0,0,,,,,n/a
92N6,MAMA_FAMA,low_vol,0.0773,0.0000,11,5,6,-5.167354311334387,7.721307925156277,0.36363636363636365,-0.899778953835416,anti
92N6,MAMA_FAMA,stress,0.0773,0.0000,4,0,4,,,,,n/a
92N6,EHLERS_MODE,ALL,0.0773,0.0000,13,5,8,-5.202514977589753,-32.32287044592985,0.38461538461538464,0.2866527243419359,signal
92N6,EHLERS_MODE,trending_up,0.0773,0.0000,2,1,1,,,,,n/a
92N6,EHLERS_MODE,trending_down,0.0773,0.0000,4,2,2,0.9136195018547959,13.069053708439897,0.25,-3.5426916656246923,anti
92N6,EHLERS_MODE,ranging,0.0773,0.0000,4,2,2,-10.390495181123296,13.747368421052633,0.25,-1.5207727724977345,anti
92N6,EHLERS_MODE,high_vol,0.0773,0.0000,0,0,0,,,,,n/a
92N6,EHLERS_MODE,low_vol,0.0773,0.0000,1,0,1,,,,,n/a
92N6,EHLERS_MODE,stress,0.0773,0.0000,2,0,2,,,,,n/a
92N6,CYBER_PHASE,ALL,0.0773,0.0000,43,30,13,-16.537717357891324,-62.44013696855974,0.3488372093023256,0.42940246081375516,signal
92N6,CYBER_PHASE,trending_up,0.0773,0.0000,2,2,0,,,,,n/a
92N6,CYBER_PHASE,trending_down,0.0773,0.0000,12,8,4,-0.5516382353605451,-215.84150326797385,0.4166666666666667,1.4553648079972163,signal
92N6,CYBER_PHASE,ranging,0.0773,0.0000,18,15,3,-31.12202484956695,4.530772723550911,0.3888888888888889,-0.4386171805011475,anti
92N6,CYBER_PHASE,high_vol,0.0773,0.0000,0,0,0,,,,,n/a
92N6,CYBER_PHASE,low_vol,0.0773,0.0000,9,5,4,-7.5658437161878735,9.528013634844713,0.1111111111111111,-1.578096126163135,anti
92N6,CYBER_PHASE,stress,0.0773,0.0000,2,0,2,,,,,n/a
92N6,FVG,ALL,0.0773,0.0000,33,18,15,-42.16469863536263,-7.29063805897292,0.6060606060606061,-0.4327566139824405,anti
92N6,FVG,trending_up,0.0773,0.0000,1,0,1,,,,,n/a
92N6,FVG,trending_down,0.0773,0.0000,9,7,2,-38.10118296397666,0.9136195018547959,0.6666666666666666,-0.3496284037723509,anti
92N6,FVG,ranging,0.0773,0.0000,10,3,7,4.8325827996970325,-17.854614091504036,0.8,1.105332128359565,signal
92N6,FVG,high_vol,0.0773,0.0000,0,0,0,,,,,n/a
92N6,FVG,low_vol,0.0773,0.0000,9,4,5,-6.298475714592232,4.170862456327319,0.4444444444444444,-0.860226655449846,anti
92N6,FVG,stress,0.0773,0.0000,4,4,0,,,,,n/a
92N6,ORDER_BLOCK,ALL,0.0773,0.0000,6,4,2,13.069136745607334,-6.676266603973199,1.0,1.7143351201398522,signal
92N6,ORDER_BLOCK,trending_up,0.0773,0.0000,0,0,0,,,,,n/a
92N6,ORDER_BLOCK,trending_down,0.0773,0.0000,3,3,0,,,,,n/a
92N6,ORDER_BLOCK,ranging,0.0773,0.0000,1,0,1,,,,,n/a
92N6,ORDER_BLOCK,high_vol,0.0773,0.0000,0,0,0,,,,,n/a
92N6,ORDER_BLOCK,low_vol,0.0773,0.0000,2,1,1,,,,,n/a
92N6,ORDER_BLOCK,stress,0.0773,0.0000,0,0,0,,,,,n/a
92N6,LIQUIDITY_SWEEP,ALL,0.0773,0.0000,1,0,1,,,,,n/a
92N6,LIQUIDITY_SWEEP,trending_up,0.0773,0.0000,0,0,0,,,,,n/a
92N6,LIQUIDITY_SWEEP,trending_down,0.0773,0.0000,1,0,1,,,,,n/a
92N6,LIQUIDITY_SWEEP,ranging,0.0773,0.0000,0,0,0,,,,,n/a
92N6,LIQUIDITY_SWEEP,high_vol,0.0773,0.0000,0,0,0,,,,,n/a
92N6,LIQUIDITY_SWEEP,low_vol,0.0773,0.0000,0,0,0,,,,,n/a
92N6,LIQUIDITY_SWEEP,stress,0.0773,0.0000,0,0,0,,,,,n/a
92N6,LEVEL_QUALITY,ALL,0.0773,0.0000,9,5,4,9.945242282391908,-70.65056290022723,0.7777777777777778,0.93123107207835,signal
92N6,LEVEL_QUALITY,trending_up,0.0773,0.0000,0,0,0,,,,,n/a
92N6,LEVEL_QUALITY,trending_down,0.0773,0.0000,4,3,1,,,,,n/a
92N6,LEVEL_QUALITY,ranging,0.0773,0.0000,4,1,3,,,,,n/a
92N6,LEVEL_QUALITY,high_vol,0.0773,0.0000,0,0,0,,,,,n/a
92N6,LEVEL_QUALITY,low_vol,0.0773,0.0000,1,1,0,,,,,n/a
92N6,LEVEL_QUALITY,stress,0.0773,0.0000,0,0,0,,,,,n/a
92N6,ALLIGATOR_CLASSIC,ALL,0.0773,0.0000,26,6,20,7.638832861374912,-65.00854177872107,0.4230769230769231,0.524653717253778,signal
92N6,ALLIGATOR_CLASSIC,trending_up,0.0773,0.0000,1,1,0,,,,,n/a
92N6,ALLIGATOR_CLASSIC,trending_down,0.0773,0.0000,9,0,9,,,,,n/a
92N6,ALLIGATOR_CLASSIC,ranging,0.0773,0.0000,6,4,2,13.40152660298674,13.747368421052633,0.3333333333333333,-0.00757165671849812,noise
92N6,ALLIGATOR_CLASSIC,high_vol,0.0773,0.0000,0,0,0,,,,,n/a
92N6,ALLIGATOR_CLASSIC,low_vol,0.0773,0.0000,6,1,5,,,,,n/a
92N6,ALLIGATOR_CLASSIC,stress,0.0773,0.0000,4,0,4,,,,,n/a
92N6,ICHIMOKU_CLASSIC,ALL,0.0773,0.0000,46,12,34,2.7618739276870232,-45.21695417174484,0.5434782608695652,0.44768369227951527,signal
92N6,ICHIMOKU_CLASSIC,trending_up,0.0773,0.0000,2,2,0,,,,,n/a
92N6,ICHIMOKU_CLASSIC,trending_down,0.0773,0.0000,14,0,14,,,,,n/a
92N6,ICHIMOKU_CLASSIC,ranging,0.0773,0.0000,15,4,11,-9.12298320093483,-16.932011407018233,0.4666666666666667,0.15388271274738458,signal
92N6,ICHIMOKU_CLASSIC,high_vol,0.0773,0.0000,0,0,0,,,,,n/a
92N6,ICHIMOKU_CLASSIC,low_vol,0.0773,0.0000,11,6,5,9.448873910899229,-5.584632918962265,0.6363636363636364,1.139730653801768,signal
92N6,ICHIMOKU_CLASSIC,stress,0.0773,0.0000,4,0,4,,,,,n/a
92N6,MA_TENSION_CLASSIC,ALL,0.0773,0.0000,44,18,26,-60.268375482930665,-30.918005925761307,0.45454545454545453,-0.25462030085014714,anti
92N6,MA_TENSION_CLASSIC,trending_up,0.0773,0.0000,2,2,0,,,,,n/a
92N6,MA_TENSION_CLASSIC,trending_down,0.0773,0.0000,13,1,12,,,,,n/a
92N6,MA_TENSION_CLASSIC,ranging,0.0773,0.0000,16,12,4,-45.53984713681022,-2.1069921179761,0.3125,-0.5501482997408379,anti
92N6,MA_TENSION_CLASSIC,high_vol,0.0773,0.0000,0,0,0,,,,,n/a
92N6,MA_TENSION_CLASSIC,low_vol,0.0773,0.0000,9,3,6,1.2354101594607922,-6.152742197569225,0.6666666666666666,1.2318748490010942,signal
92N6,MA_TENSION_CLASSIC,stress,0.0773,0.0000,4,0,4,,,,,n/a
92N6,MAMA_FAMA_CLASSIC,ALL,0.0773,0.0000,32,7,25,-3.420052388965925,-34.90439789508539,0.53125,0.38242182001472114,signal
92N6,MAMA_FAMA_CLASSIC,trending_up,0.0773,0.0000,2,2,0,,,,,n/a
92N6,MAMA_FAMA_CLASSIC,trending_down,0.0773,0.0000,8,0,8,,,,,n/a
92N6,MAMA_FAMA_CLASSIC,ranging,0.0773,0.0000,12,4,8,-9.12298320093483,-11.298490947836841,0.5833333333333334,0.10247405770920273,signal
92N6,MAMA_FAMA_CLASSIC,high_vol,0.0773,0.0000,0,0,0,,,,,n/a
92N6,MAMA_FAMA_CLASSIC,low_vol,0.0773,0.0000,7,1,6,,,,,n/a
92N6,MAMA_FAMA_CLASSIC,stress,0.0773,0.0000,3,0,3,,,,,n/a
92N6,ADAPTIVE_MA_CLASSIC,ALL,0.0773,0.0000,46,12,34,-35.15480942994327,-41.70834759588623,0.3695652173913043,0.05727237996159154,signal
92N6,ADAPTIVE_MA_CLASSIC,trending_up,0.0773,0.0000,2,1,1,,,,,n/a
92N6,ADAPTIVE_MA_CLASSIC,trending_down,0.0773,0.0000,11,2,9,-3.7083595223130104,-92.82596996489248,0.2727272727272727,0.46702554613791303,signal
92N6,ADAPTIVE_MA_CLASSIC,ranging,0.0773,0.0000,18,8,10,-50.0461479465368,-14.859401135393943,0.2777777777777778,-0.4691666068734667,anti
92N6,ADAPTIVE_MA_CLASSIC,high_vol,0.0773,0.0000,0,0,0,,,,,n/a
92N6,ADAPTIVE_MA_CLASSIC,low_vol,0.0773,0.0000,11,1,10,,,,,n/a
92N6,ADAPTIVE_MA_CLASSIC,stress,0.0773,0.0000,4,0,4,,,,,n/a
92N6,ZLEMA_CLASSIC,ALL,0.0773,0.0000,39,21,18,-3.4977365058513774,-61.71823882177916,0.38461538461538464,0.5519491438684019,signal
92N6,ZLEMA_CLASSIC,trending_up,0.0773,0.0000,2,1,1,,,,,n/a
92N6,ZLEMA_CLASSIC,trending_down,0.0773,0.0000,12,8,4,-0.7477166667330941,-209.99325092355784,0.4166666666666667,1.3823977913333594,signal
92N6,ZLEMA_CLASSIC,ranging,0.0773,0.0000,14,9,5,-3.3505135566958177,-34.15858473869478,0.42857142857142855,0.5183965077685669,signal
92N6,ZLEMA_CLASSIC,high_vol,0.0773,0.0000,0,0,0,,,,,n/a
92N6,ZLEMA_CLASSIC,low_vol,0.0773,0.0000,8,3,5,-10.085762583113343,7.479553765018627,0.25,-1.4893830033009965,anti
92N6,ZLEMA_CLASSIC,stress,0.0773,0.0000,3,0,3,,,,,n/a
92N6,T3_CLASSIC,ALL,0.0773,0.0000,41,17,24,-3.937897919219565,-58.06598738060978,0.36585365853658536,0.4755819637821676,signal
92N6,T3_CLASSIC,trending_up,0.0773,0.0000,2,1,1,,,,,n/a
92N6,T3_CLASSIC,trending_down,0.0773,0.0000,12,7,5,-1.5163573850638108,-167.99460073884626,0.3333333333333333,1.023912909153289,signal
92N6,T3_CLASSIC,ranging,0.0773,0.0000,15,7,8,-4.75209482832616,-19.760585709055917,0.4,0.2540691011558888,signal
92N6,T3_CLASSIC,high_vol,0.0773,0.0000,0,0,0,,,,,n/a
92N6,T3_CLASSIC,low_vol,0.0773,0.0000,8,2,6,-8.003137801795521,11.00568874357613,0.25,-1.3655268752650822,anti
92N6,T3_CLASSIC,stress,0.0773,0.0000,4,0,4,,,,,n/a
AFU5,PRICE_TREND,ALL,0.0351,0.0000,0,0,0,,,,,n/a
AFU5,PRICE_TREND,trending_up,0.0351,0.0000,0,0,0,,,,,n/a
AFU5,PRICE_TREND,trending_down,0.0351,0.0000,0,0,0,,,,,n/a
AFU5,PRICE_TREND,ranging,0.0351,0.0000,0,0,0,,,,,n/a
AFU5,PRICE_TREND,high_vol,0.0351,0.0000,0,0,0,,,,,n/a
AFU5,PRICE_TREND,low_vol,0.0351,0.0000,0,0,0,,,,,n/a
AFU5,PRICE_TREND,stress,0.0351,0.0000,0,0,0,,,,,n/a
AFU5,VOL_MOMENTUM,ALL,0.0351,0.0000,57,15,42,-6.025151686135666,-2.8061728518304614,0.47368421052631576,-0.22937749721817863,anti
AFU5,VOL_MOMENTUM,trending_up,0.0351,0.0000,0,0,0,,,,,n/a
AFU5,VOL_MOMENTUM,trending_down,0.0351,0.0000,9,0,9,,,,,n/a
AFU5,VOL_MOMENTUM,ranging,0.0351,0.0000,13,5,8,-5.031444045808978,-12.81646807685441,0.5384615384615384,0.5399926016035475,signal
AFU5,VOL_MOMENTUM,high_vol,0.0351,0.0000,5,1,4,,,,,n/a
AFU5,VOL_MOMENTUM,low_vol,0.0351,0.0000,15,8,7,-6.937323458960718,3.170438319297012,0.2,-1.212582847092296,anti
AFU5,VOL_MOMENTUM,stress,0.0351,0.0000,15,1,14,,,,,n/a
AFU5,VWAP_SIGNAL,ALL,0.0351,0.0000,64,29,35,-3.7991482185921344,-2.6846232408830373,0.484375,-0.07922573988393705,anti
AFU5,VWAP_SIGNAL,trending_up,0.0351,0.0000,0,0,0,,,,,n/a
AFU5,VWAP_SIGNAL,trending_down,0.0351,0.0000,10,1,9,,,,,n/a
AFU5,VWAP_SIGNAL,ranging,0.0351,0.0000,13,7,6,-6.439612138893087,-20.670659379115893,0.46153846153846156,1.0610489422164668,signal
AFU5,VWAP_SIGNAL,high_vol,0.0351,0.0000,6,1,5,,,,,n/a
AFU5,VWAP_SIGNAL,low_vol,0.0351,0.0000,20,16,4,-0.2550219755285322,6.702557403940098,0.4,-0.8366186443347681,anti
AFU5,VWAP_SIGNAL,stress,0.0351,0.0000,15,4,11,-6.749239456179092,4.023061239527149,0.4666666666666667,-0.6209146907688993,anti
AFU5,BS_PRESSURE,ALL,0.0351,0.0000,0,0,0,,,,,n/a
AFU5,BS_PRESSURE,trending_up,0.0351,0.0000,0,0,0,,,,,n/a
AFU5,BS_PRESSURE,trending_down,0.0351,0.0000,0,0,0,,,,,n/a
AFU5,BS_PRESSURE,ranging,0.0351,0.0000,0,0,0,,,,,n/a
AFU5,BS_PRESSURE,high_vol,0.0351,0.0000,0,0,0,,,,,n/a
AFU5,BS_PRESSURE,low_vol,0.0351,0.0000,0,0,0,,,,,n/a
AFU5,BS_PRESSURE,stress,0.0351,0.0000,0,0,0,,,,,n/a
AFU5,CANDLE_PATTERN,ALL,0.0351,0.0000,65,21,44,-3.636776994893872,-3.5542034408696406,0.5692307692307692,-0.005808184926000643,noise
AFU5,CANDLE_PATTERN,trending_up,0.0351,0.0000,0,0,0,,,,,n/a
AFU5,CANDLE_PATTERN,trending_down,0.0351,0.0000,9,0,9,,,,,n/a
AFU5,CANDLE_PATTERN,ranging,0.0351,0.0000,13,5,8,-7.621632413641635,-15.558370011669219,0.5384615384615384,0.5181289803594578,signal
AFU5,CANDLE_PATTERN,high_vol,0.0351,0.0000,7,2,5,0.9809846665516769,-7.725570831907708,0.8571428571428571,1.1663034495115874,signal
AFU5,CANDLE_PATTERN,low_vol,0.0351,0.0000,20,7,13,1.13655677849289,0.09463322119884915,0.5,0.11461640678837208,signal
AFU5,CANDLE_PATTERN,stress,0.0351,0.0000,16,7,9,-6.883145943873818,3.6632533690941447,0.4375,-0.5878884770284433,anti
AFU5,TALIB_ANTISIGNAL,ALL,0.0351,0.0000,20,6,14,1.5257163774712812,-6.954339766935244,0.65,0.64883022848039,signal
AFU5,TALIB_ANTISIGNAL,trending_up,0.0351,0.0000,0,0,0,,,,,n/a
AFU5,TALIB_ANTISIGNAL,trending_down,0.0351,0.0000,1,0,1,,,,,n/a
AFU5,TALIB_ANTISIGNAL,ranging,0.0351,0.0000,4,0,4,,,,,n/a
AFU5,TALIB_ANTISIGNAL,high_vol,0.0351,0.0000,0,0,0,,,,,n/a
AFU5,TALIB_ANTISIGNAL,low_vol,0.0351,0.0000,7,2,5,7.405799131531027,1.2018116737980915,0.5714285714285714,0.8601628071761537,signal
AFU5,TALIB_ANTISIGNAL,stress,0.0351,0.0000,8,4,4,-1.414324999558592,-16.115465329242426,0.625,0.8367463173233358,signal
AFU5,ADAPTIVE_MA,ALL,0.0351,0.0000,26,13,13,-4.392123689542101,-0.04765902473991419,0.38461538461538464,-0.34509673252695844,anti
AFU5,ADAPTIVE_MA,trending_up,0.0351,0.0000,0,0,0,,,,,n/a
AFU5,ADAPTIVE_MA,trending_down,0.0351,0.0000,3,2,1,,,,,n/a
AFU5,ADAPTIVE_MA,ranging,0.0351,0.0000,4,4,0,,,,,n/a
AFU5,ADAPTIVE_MA,high_vol,0.0351,0.0000,5,2,3,-2.900094696969697,0.5879013844751783,0.4,-1.174260130585245,anti
AFU5,ADAPTIVE_MA,low_vol,0.0351,0.0000,5,2,3,-9.023809523809524,8.871957844415473,0.0,-4.552529145250276,anti
AFU5,ADAPTIVE_MA,stress,0.0351,0.0000,9,3,6,-1.2023757720805985,-4.732940208148723,0.5555555555555556,0.20065116633474672,signal
AFU5,TREND_QUALITY,ALL,0.0351,0.0000,0,0,0,,,,,n/a
AFU5,TREND_QUALITY,trending_up,0.0351,0.0000,0,0,0,,,,,n/a
AFU5,TREND_QUALITY,trending_down,0.0351,0.0000,0,0,0,,,,,n/a
AFU5,TREND_QUALITY,ranging,0.0351,0.0000,0,0,0,,,,,n/a
AFU5,TREND_QUALITY,high_vol,0.0351,0.0000,0,0,0,,,,,n/a
AFU5,TREND_QUALITY,low_vol,0.0351,0.0000,0,0,0,,,,,n/a
AFU5,TREND_QUALITY,stress,0.0351,0.0000,0,0,0,,,,,n/a
AFU5,FRACTAL,ALL,0.0351,0.0000,0,0,0,,,,,n/a
AFU5,FRACTAL,trending_up,0.0351,0.0000,0,0,0,,,,,n/a
AFU5,FRACTAL,trending_down,0.0351,0.0000,0,0,0,,,,,n/a
AFU5,FRACTAL,ranging,0.0351,0.0000,0,0,0,,,,,n/a
AFU5,FRACTAL,high_vol,0.0351,0.0000,0,0,0,,,,,n/a
AFU5,FRACTAL,low_vol,0.0351,0.0000,0,0,0,,,,,n/a
AFU5,FRACTAL,stress,0.0351,0.0000,0,0,0,,,,,n/a
AFU5,ENTROPY,ALL,0.0351,0.0000,9,0,9,,,,,n/a
AFU5,ENTROPY,trending_up,0.0351,0.0000,0,0,0,,,,,n/a
AFU5,ENTROPY,trending_down,0.0351,0.0000,0,0,0,,,,,n/a
AFU5,ENTROPY,ranging,0.0351,0.0000,4,0,4,,,,,n/a
AFU5,ENTROPY,high_vol,0.0351,0.0000,1,0,1,,,,,n/a
AFU5,ENTROPY,low_vol,0.0351,0.0000,2,0,2,,,,,n/a
AFU5,ENTROPY,stress,0.0351,0.0000,2,0,2,,,,,n/a
AFU5,FISHER_RSI,ALL,0.0351,0.0000,13,11,2,-7.407101974922818,3.288567493112948,0.3076923076923077,-0.9927659535080007,anti
AFU5,FISHER_RSI,trending_up,0.0351,0.0000,0,0,0,,,,,n/a
AFU5,FISHER_RSI,trending_down,0.0351,0.0000,3,3,0,,,,,n/a
AFU5,FISHER_RSI,ranging,0.0351,0.0000,2,1,1,,,,,n/a
AFU5,FISHER_RSI,high_vol,0.0351,0.0000,1,1,0,,,,,n/a
AFU5,FISHER_RSI,low_vol,0.0351,0.0000,4,3,1,,,,,n/a
AFU5,FISHER_RSI,stress,0.0351,0.0000,3,3,0,,,,,n/a
AFU5,KLINGER,ALL,0.0351,0.0000,43,31,12,-7.932779808712189,-4.065144732263961,0.3023255813953488,-0.25942438060574935,anti
AFU5,KLINGER,trending_up,0.0351,0.0000,0,0,0,,,,,n/a
AFU5,KLINGER,trending_down,0.0351,0.0000,7,5,2,-1.078232738411527,-10.466800804828974,0.5714285714285714,0.5421054623741226,signal
AFU5,KLINGER,ranging,0.0351,0.0000,8,8,0,,,,,n/a
AFU5,KLINGER,high_vol,0.0351,0.0000,3,0,3,,,,,n/a
AFU5,KLINGER,low_vol,0.0351,0.0000,13,10,3,-4.353580817946467,0.36261179830471946,0.3076923076923077,-0.5422061653425069,anti
AFU5,KLINGER,stress,0.0351,0.0000,12,8,4,-5.078531258211841,-3.3766588894252503,0.3333333333333333,-0.09001678824442112,anti
AFU5,VZO,ALL,0.0351,0.0000,54,12,42,-3.4039094075438467,-4.15338590271507,0.5370370370370371,0.055919444374346865,signal
AFU5,VZO,trending_up,0.0351,0.0000,0,0,0,,,,,n/a
AFU5,VZO,trending_down,0.0351,0.0000,10,3,7,-10.39815705829178,-0.9365782475923247,0.5,-0.6909601317000577,anti
AFU5,VZO,ranging,0.0351,0.0000,9,2,7,3.956270627062706,-19.01089121427907,0.8888888888888888,1.5462881089216685,signal
AFU5,VZO,high_vol,0.0351,0.0000,7,0,7,,,,,n/a
AFU5,VZO,low_vol,0.0351,0.0000,18,4,14,-0.32490259412900047,1.4453829976025645,0.3888888888888889,-0.19986197251256696,anti
AFU5,VZO,stress,0.0351,0.0000,10,3,7,-5.421790864420078,-2.6256284029905586,0.5,-0.16606435144366866,anti
AFU5,DONCHIAN,ALL,0.0351,0.0000,51,27,24,-3.690997273825519,-7.567792166258395,0.5686274509803921,0.2563682966906304,signal
AFU5,DONCHIAN,trending_up,0.0351,0.0000,0,0,0,,,,,n/a
AFU5,DONCHIAN,trending_down,0.0351,0.0000,8,1,7,,,,,n/a
AFU5,DONCHIAN,ranging,0.0351,0.0000,12,11,1,,,,,n/a
AFU5,DONCHIAN,high_vol,0.0351,0.0000,4,1,3,,,,,n/a
AFU5,DONCHIAN,low_vol,0.0351,0.0000,14,11,3,-0.06137068515581021,-8.116550202733514,0.5,0.947193245206824,signal
AFU5,DONCHIAN,stress,0.0351,0.0000,13,3,10,14.324465399170508,-6.305880990191148,0.7692307692307693,1.0859996462711445,signal
AFU5,ADX_DI_CONVERGENCE,ALL,0.0351,0.0000,10,6,4,-0.2673531652019231,1.1432425892358644,0.5,-0.13160883900632284,anti
AFU5,ADX_DI_CONVERGENCE,trending_up,0.0351,0.0000,0,0,0,,,,,n/a
AFU5,ADX_DI_CONVERGENCE,trending_down,0.0351,0.0000,2,2,0,,,,,n/a
AFU5,ADX_DI_CONVERGENCE,ranging,0.0351,0.0000,0,0,0,,,,,n/a
AFU5,ADX_DI_CONVERGENCE,high_vol,0.0351,0.0000,2,2,0,,,,,n/a
AFU5,ADX_DI_CONVERGENCE,low_vol,0.0351,0.0000,4,0,4,,,,,n/a
AFU5,ADX_DI_CONVERGENCE,stress,0.0351,0.0000,2,2,0,,,,,n/a
AFU5,ULT_OSC_DISAGREEMENT,ALL,0.0351,0.0000,12,2,10,-6.808236808236809,-3.3426572940146486,0.5833333333333334,-0.26657233222623,anti
AFU5,ULT_OSC_DISAGREEMENT,trending_up,0.0351,0.0000,0,0,0,,,,,n/a
AFU5,ULT_OSC_DISAGREEMENT,trending_down,0.0351,0.0000,2,0,2,,,,,n/a
AFU5,ULT_OSC_DISAGREEMENT,ranging,0.0351,0.0000,3,0,3,,,,,n/a
AFU5,ULT_OSC_DISAGREEMENT,high_vol,0.0351,0.0000,2,1,1,,,,,n/a
AFU5,ULT_OSC_DISAGREEMENT,low_vol,0.0351,0.0000,3,1,2,,,,,n/a
AFU5,ULT_OSC_DISAGREEMENT,stress,0.0351,0.0000,2,0,2,,,,,n/a
AFU5,TWIGGS,ALL,0.0351,0.0000,51,13,38,-8.458374691172914,-2.5924332308481484,0.43137254901960786,-0.38874734810688405,anti
AFU5,TWIGGS,trending_up,0.0351,0.0000,0,0,0,,,,,n/a
AFU5,TWIGGS,trending_down,0.0351,0.0000,10,2,8,-10.466800804828974,-2.102114662295458,0.6,-0.5959374096021172,anti
AFU5,TWIGGS,ranging,0.0351,0.0000,12,5,7,-6.663982114852618,-15.77837218395756,0.5,0.5664988431867679,signal
AFU5,TWIGGS,high_vol,0.0351,0.0000,6,0,6,,,,,n/a
AFU5,TWIGGS,low_vol,0.0351,0.0000,12,4,8,-8.747173694306657,6.3723612820244036,0.08333333333333333,-3.0657669705968087,anti
AFU5,TWIGGS,stress,0.0351,0.0000,11,2,9,-10.358332012050104,-0.08867120600203687,0.5454545454545454,-0.4581171675534715,anti
AFU5,RMI,ALL,0.0351,0.0000,65,40,25,-1.1543232163592256,-6.439387884420647,0.5076923076923077,0.39577171952720186,signal
AFU5,RMI,trending_up,0.0351,0.0000,0,0,0,,,,,n/a
AFU5,RMI,trending_down,0.0351,0.0000,10,10,0,,,,,n/a
AFU5,RMI,ranging,0.0351,0.0000,11,3,8,-4.169444819870553,-13.546120746760536,0.5454545454545454,0.6280668904886246,signal
AFU5,RMI,high_vol,0.0351,0.0000,7,4,3,0.5924411898715353,-13.011883195307112,0.8571428571428571,3.644949749082792,signal
AFU5,RMI,low_vol,0.0351,0.0000,20,8,12,1.5925402165012013,-0.3420121434694612,0.55,0.22085324453846497,signal
AFU5,RMI,stress,0.0351,0.0000,17,15,2,-0.7349441185487666,-4.737967914438503,0.47058823529411764,0.22074052522788876,signal
AFU5,ZSCORE,ALL,0.0351,0.0000,23,9,14,-1.6716154308684148,-7.944148432700365,0.6521739130434783,0.4204307505867924,signal
AFU5,ZSCORE,trending_up,0.0351,0.0000,0,0,0,,,,,n/a
AFU5,ZSCORE,trending_down,0.0351,0.0000,2,2,0,,,,,n/a
AFU5,ZSCORE,ranging,0.0351,0.0000,3,0,3,,,,,n/a
AFU5,ZSCORE,high_vol,0.0351,0.0000,0,0,0,,,,,n/a
AFU5,ZSCORE,low_vol,0.0351,0.0000,8,2,6,1.5770948964396911,-4.615538843566481,0.75,0.6282597399508292,signal
AFU5,ZSCORE,stress,0.0351,0.0000,10,5,5,-1.474895764757516,-5.5032234561670075,0.6,0.19814598334108693,signal
AFU5,ZLEMA_SIGNAL,ALL,0.0351,0.0000,22,13,9,-2.006413606455071,-0.6946504585291069,0.4090909090909091,-0.10372496378844302,anti
AFU5,ZLEMA_SIGNAL,trending_up,0.0351,0.0000,0,0,0,,,,,n/a
AFU5,ZLEMA_SIGNAL,trending_down,0.0351,0.0000,1,1,0,,,,,n/a
AFU5,ZLEMA_SIGNAL,ranging,0.0351,0.0000,3,1,2,,,,,n/a
AFU5,ZLEMA_SIGNAL,high_vol,0.0351,0.0000,2,1,1,,,,,n/a
AFU5,ZLEMA_SIGNAL,low_vol,0.0351,0.0000,7,4,3,-3.5069419827484336,0.7251288981679203,0.2857142857142857,-0.40407134413749024,anti
AFU5,ZLEMA_SIGNAL,stress,0.0351,0.0000,9,6,3,-4.741184020007626,-0.03968253968254013,0.4444444444444444,-0.2684822484721152,anti
AFU5,T3_SIGNAL,ALL,0.0351,0.0000,31,15,16,-2.808704223399491,3.031227612490436,0.3548387096774194,-0.42874317347799784,anti
AFU5,T3_SIGNAL,trending_up,0.0351,0.0000,0,0,0,,,,,n/a
AFU5,T3_SIGNAL,trending_down,0.0351,0.0000,3,1,2,,,,,n/a
AFU5,T3_SIGNAL,ranging,0.0351,0.0000,6,3,3,-9.022053206504035,-2.153948720565435,0.16666666666666666,-1.0845144065316292,anti
AFU5,T3_SIGNAL,high_vol,0.0351,0.0000,2,0,2,,,,,n/a
AFU5,T3_SIGNAL,low_vol,0.0351,0.0000,8,5,3,-0.6567932556202344,0.7251288981679203,0.375,-0.126952425418929,anti
AFU5,T3_SIGNAL,stress,0.0351,0.0000,12,6,6,-4.741184020007626,8.842558235415376,0.3333333333333333,-0.7129946118741209,anti
AFU5,SINEWAVE_SIGNAL,ALL,0.0351,0.0000,60,31,29,-4.24200985482324,-3.6215312413643734,0.4166666666666667,-0.04764926743977432,noise
AFU5,SINEWAVE_SIGNAL,trending_up,0.0351,0.0000,0,0,0,,,,,n/a
AFU5,SINEWAVE_SIGNAL,trending_down,0.0351,0.0000,7,7,0,,,,,n/a
AFU5,SINEWAVE_SIGNAL,ranging,0.0351,0.0000,12,5,7,-10.912442223523591,-11.587778509649466,0.3333333333333333,0.04066486195781821,noise
AFU5,SINEWAVE_SIGNAL,high_vol,0.0351,0.0000,6,5,1,,,,,n/a
AFU5,SINEWAVE_SIGNAL,low_vol,0.0351,0.0000,19,7,12,-1.154120078521268,1.0997644387095544,0.42105263157894735,-0.2435217749724652,anti
AFU5,SINEWAVE_SIGNAL,stress,0.0351,0.0000,16,7,9,-5.985195610159647,-2.4298927176044396,0.5,-0.25094444724364906,anti
AFU5,SSA_SIGNAL,ALL,0.0351,0.0000,34,34,0,,,,,n/a
AFU5,SSA_SIGNAL,trending_up,0.0351,0.0000,0,0,0,,,,,n/a
AFU5,SSA_SIGNAL,trending_down,0.0351,0.0000,4,4,0,,,,,n/a
AFU5,SSA_SIGNAL,ranging,0.0351,0.0000,8,8,0,,,,,n/a
AFU5,SSA_SIGNAL,high_vol,0.0351,0.0000,3,3,0,,,,,n/a
AFU5,SSA_SIGNAL,low_vol,0.0351,0.0000,11,11,0,,,,,n/a
AFU5,SSA_SIGNAL,stress,0.0351,0.0000,8,8,0,,,,,n/a
AFU5,NADARAYA_WATSON,ALL,0.0351,0.0000,53,49,4,-2.4110016944929393,-8.753981717577313,0.4716981132075472,0.42946530499684327,signal
AFU5,NADARAYA_WATSON,trending_up,0.0351,0.0000,0,0,0,,,,,n/a
AFU5,NADARAYA_WATSON,trending_down,0.0351,0.0000,10,10,0,,,,,n/a
AFU5,NADARAYA_WATSON,ranging,0.0351,0.0000,10,9,1,,,,,n/a
AFU5,NADARAYA_WATSON,high_vol,0.0351,0.0000,7,7,0,,,,,n/a
AFU5,NADARAYA_WATSON,low_vol,0.0351,0.0000,11,9,2,6.061981958290698,-9.094257178526842,0.9090909090909091,2.8607318386884213,signal
AFU5,NADARAYA_WATSON,stress,0.0351,0.0000,15,14,1,,,,,n/a
AFU5,FRACTIONAL_DIFF,ALL,0.0351,0.0000,48,34,14,-3.6237939566436874,-3.1072125114978695,0.3958333333333333,-0.03796505401958148,noise
AFU5,FRACTIONAL_DIFF,trending_up,0.0351,0.0000,0,0,0,,,,,n/a
AFU5,FRACTIONAL_DIFF,trending_down,0.0351,0.0000,7,4,3,7.90311097353351,-9.477488927519937,0.7142857142857143,1.4820369362712247,signal
AFU5,FRACTIONAL_DIFF,ranging,0.0351,0.0000,11,10,1,,,,,n/a
AFU5,FRACTIONAL_DIFF,high_vol,0.0351,0.0000,4,1,3,,,,,n/a
AFU5,FRACTIONAL_DIFF,low_vol,0.0351,0.0000,13,10,3,-1.410049378182842,7.127086998006895,0.38461538461538464,-1.002499133967965,anti
AFU5,FRACTIONAL_DIFF,stress,0.0351,0.0000,13,9,4,-0.5378602666613336,-7.219566353187044,0.46153846153846156,0.3818758137935179,signal
AFU5,HAWKES_SIGNAL,ALL,0.0351,0.0000,71,43,28,-2.638369645269503,-5.310292747487992,0.5352112676056338,0.19624093196726602,signal
AFU5,HAWKES_SIGNAL,trending_up,0.0351,0.0000,0,0,0,,,,,n/a
AFU5,HAWKES_SIGNAL,trending_down,0.0351,0.0000,10,9,1,,,,,n/a
AFU5,HAWKES_SIGNAL,ranging,0.0351,0.0000,15,6,9,-13.78041917334083,-9.722553599717239,0.6666666666666666,-0.27420059326142077,anti
AFU5,HAWKES_SIGNAL,high_vol,0.0351,0.0000,7,5,2,-4.189394904427433,-7.859455152149013,0.42857142857142855,0.42797552717806736,signal
AFU5,HAWKES_SIGNAL,low_vol,0.0351,0.0000,22,14,8,1.233049278066,-1.7873478487638688,0.6363636363636364,0.33761337236663264,signal
AFU5,HAWKES_SIGNAL,stress,0.0351,0.0000,17,9,8,3.0371211663730886,-5.979273513058288,0.5882352941176471,0.5139302637975864,signal
AFU5,VSA,ALL,0.0351,0.0000,25,7,18,-6.165780270253925,-1.925918566118453,0.52,-0.34159393750764716,anti
AFU5,VSA,trending_up,0.0351,0.0000,0,0,0,,,,,n/a
AFU5,VSA,trending_down,0.0351,0.0000,3,2,1,,,,,n/a
AFU5,VSA,ranging,0.0351,0.0000,4,0,4,,,,,n/a
AFU5,VSA,high_vol,0.0351,0.0000,1,0,1,,,,,n/a
AFU5,VSA,low_vol,0.0351,0.0000,8,3,5,4.66015466015466,3.4779286402078156,0.375,0.15205989705858478,signal
AFU5,VSA,stress,0.0351,0.0000,9,2,7,-18.87840670859539,-0.6423186355365355,0.5555555555555556,-1.1574311754962339,anti
AFU5,WICK_REJECTION,ALL,0.0351,0.0000,56,30,26,3.408987113065985,-11.96178856886548,0.7142857142857143,1.3517503640882866,signal
AFU5,WICK_REJECTION,trending_up,0.0351,0.0000,0,0,0,,,,,n/a
AFU5,WICK_REJECTION,trending_down,0.0351,0.0000,8,4,4,4.38198421297013,-11.803768869552997,0.75,1.1742977610060497,signal
AFU5,WICK_REJECTION,ranging,0.0351,0.0000,14,3,11,4.089188235939335,-12.78745612447261,0.8571428571428571,1.6589627938128535,signal
AFU5,WICK_REJECTION,high_vol,0.0351,0.0000,5,2,3,0.04565505494873527,-4.319880196168857,0.4,0.5643746843527984,signal
AFU5,WICK_REJECTION,low_vol,0.0351,0.0000,12,10,2,0.6377212662245416,-11.83204134366925,0.6666666666666666,1.5112826276906262,signal
AFU5,WICK_REJECTION,stress,0.0351,0.0000,17,11,6,6.000508096376195,-14.41761444454111,0.7058823529411765,1.3677813810172965,signal
AFU5,TRIANGLE,ALL,0.0351,0.0000,2,1,1,,,,,n/a
AFU5,TRIANGLE,trending_up,0.0351,0.0000,0,0,0,,,,,n/a
AFU5,TRIANGLE,trending_down,0.0351,0.0000,0,0,0,,,,,n/a
AFU5,TRIANGLE,ranging,0.0351,0.0000,0,0,0,,,,,n/a
AFU5,TRIANGLE,high_vol,0.0351,0.0000,0,0,0,,,,,n/a
AFU5,TRIANGLE,low_vol,0.0351,0.0000,2,1,1,,,,,n/a
AFU5,TRIANGLE,stress,0.0351,0.0000,0,0,0,,,,,n/a
AFU5,PRICE_ACCEL,ALL,0.0351,0.0000,55,32,23,-6.092558970674222,-1.0462346104642746,0.41818181818181815,-0.4846662436741427,anti
AFU5,PRICE_ACCEL,trending_up,0.0351,0.0000,0,0,0,,,,,n/a
AFU5,PRICE_ACCEL,trending_down,0.0351,0.0000,7,7,0,,,,,n/a
AFU5,PRICE_ACCEL,ranging,0.0351,0.0000,9,5,4,-7.621632413641635,-3.510451413254613,0.4444444444444444,-0.42595585249783074,anti
AFU5,PRICE_ACCEL,high_vol,0.0351,0.0000,6,3,3,-7.375053434766008,0.2324569053193589,0.3333333333333333,-1.1233508713559914,anti
AFU5,PRICE_ACCEL,low_vol,0.0351,0.0000,19,9,10,-2.0597725171882217,0.4414274723493435,0.42105263157894735,-0.2725869788033355,anti
AFU5,PRICE_ACCEL,stress,0.0351,0.0000,14,8,6,-5.78303361881614,-2.5222059711852287,0.6428571428571429,-0.21329535145101725,anti
AFU5,CUMUL_DELTA,ALL,0.0351,0.0000,65,32,33,-4.020082502560438,-2.8309153620955287,0.47692307692307695,-0.08526877328757039,anti
AFU5,CUMUL_DELTA,trending_up,0.0351,0.0000,0,0,0,,,,,n/a
AFU5,CUMUL_DELTA,trending_down,0.0351,0.0000,10,2,8,-10.466800804828974,-2.102114662295458,0.6,-0.5959374096021172,anti
AFU5,CUMUL_DELTA,ranging,0.0351,0.0000,13,10,3,-7.755625227481576,-28.095859123246456,0.46153846153846156,1.5762206161108387,signal
AFU5,CUMUL_DELTA,high_vol,0.0351,0.0000,6,0,6,,,,,n/a
AFU5,CUMUL_DELTA,low_vol,0.0351,0.0000,20,11,9,-1.265891696639248,1.1104852079439873,0.45,-0.2529700802874828,anti
AFU5,CUMUL_DELTA,stress,0.0351,0.0000,16,9,7,-1.8031086149365092,2.7311014908278075,0.4375,-0.25701248010886013,anti
AFU5,AMT_POC,ALL,0.0351,0.0000,40,4,36,-1.5042562827932708,-1.3339704101399734,0.525,-0.010853254145700706,noise
AFU5,AMT_POC,trending_up,0.0351,0.0000,0,0,0,,,,,n/a
AFU5,AMT_POC,trending_down,0.0351,0.0000,9,0,9,,,,,n/a
AFU5,AMT_POC,ranging,0.0351,0.0000,7,2,5,-3.8051876379690954,-11.034222630820453,0.5714285714285714,0.40735977450767996,signal
AFU5,AMT_POC,high_vol,0.0351,0.0000,3,0,3,,,,,n/a
AFU5,AMT_POC,low_vol,0.0351,0.0000,10,2,8,0.7966750723825538,5.104015151595571,0.2,-0.47963018406016594,anti
AFU5,AMT_POC,stress,0.0351,0.0000,11,0,11,,,,,n/a
AFU5,VSA_ABSORPTION,ALL,0.0351,0.0000,0,0,0,,,,,n/a
AFU5,VSA_ABSORPTION,trending_up,0.0351,0.0000,0,0,0,,,,,n/a
AFU5,VSA_ABSORPTION,trending_down,0.0351,0.0000,0,0,0,,,,,n/a
AFU5,VSA_ABSORPTION,ranging,0.0351,0.0000,0,0,0,,,,,n/a
AFU5,VSA_ABSORPTION,high_vol,0.0351,0.0000,0,0,0,,,,,n/a
AFU5,VSA_ABSORPTION,low_vol,0.0351,0.0000,0,0,0,,,,,n/a
AFU5,VSA_ABSORPTION,stress,0.0351,0.0000,0,0,0,,,,,n/a
AFU5,CASCADE,ALL,0.0351,0.0000,7,5,2,-3.038207191022937,1.7155067155067156,0.42857142857142855,-0.233452060622522,anti
AFU5,CASCADE,trending_up,0.0351,0.0000,0,0,0,,,,,n/a
AFU5,CASCADE,trending_down,0.0351,0.0000,0,0,0,,,,,n/a
AFU5,CASCADE,ranging,0.0351,0.0000,0,0,0,,,,,n/a
AFU5,CASCADE,high_vol,0.0351,0.0000,0,0,0,,,,,n/a
AFU5,CASCADE,low_vol,0.0351,0.0000,3,1,2,,,,,n/a
AFU5,CASCADE,stress,0.0351,0.0000,4,4,0,,,,,n/a
AFU5,IMPULSE_PULLBACK,ALL,0.0351,0.0000,25,4,21,-2.851989535435068,-4.344078605924362,0.64,0.10801788711473603,signal
AFU5,IMPULSE_PULLBACK,trending_up,0.0351,0.0000,0,0,0,,,,,n/a
AFU5,IMPULSE_PULLBACK,trending_down,0.0351,0.0000,3,0,3,,,,,n/a
AFU5,IMPULSE_PULLBACK,ranging,0.0351,0.0000,7,1,6,,,,,n/a
AFU5,IMPULSE_PULLBACK,high_vol,0.0351,0.0000,4,0,4,,,,,n/a
AFU5,IMPULSE_PULLBACK,low_vol,0.0351,0.0000,9,3,6,-2.413763825024535,2.043635601939609,0.5555555555555556,-0.43825432885837623,anti
AFU5,IMPULSE_PULLBACK,stress,0.0351,0.0000,2,0,2,,,,,n/a
AFU5,ELLIOTT_WAVE,ALL,0.0351,0.0000,7,0,7,,,,,n/a
AFU5,ELLIOTT_WAVE,trending_up,0.0351,0.0000,0,0,0,,,,,n/a
AFU5,ELLIOTT_WAVE,trending_down,0.0351,0.0000,5,0,5,,,,,n/a
AFU5,ELLIOTT_WAVE,ranging,0.0351,0.0000,0,0,0,,,,,n/a
AFU5,ELLIOTT_WAVE,high_vol,0.0351,0.0000,0,0,0,,,,,n/a
AFU5,ELLIOTT_WAVE,low_vol,0.0351,0.0000,0,0,0,,,,,n/a
AFU5,ELLIOTT_WAVE,stress,0.0351,0.0000,2,0,2,,,,,n/a
AFU5,VPIN_TOXICITY,ALL,0.0351,0.0000,4,4,0,,,,,n/a
AFU5,VPIN_TOXICITY,trending_up,0.0351,0.0000,0,0,0,,,,,n/a
AFU5,VPIN_TOXICITY,trending_down,0.0351,0.0000,0,0,0,,,,,n/a
AFU5,VPIN_TOXICITY,ranging,0.0351,0.0000,1,1,0,,,,,n/a
AFU5,VPIN_TOXICITY,high_vol,0.0351,0.0000,2,2,0,,,,,n/a
AFU5,VPIN_TOXICITY,low_vol,0.0351,0.0000,0,0,0,,,,,n/a
AFU5,VPIN_TOXICITY,stress,0.0351,0.0000,1,1,0,,,,,n/a
AFU5,AMIHUD_SHOCK,ALL,0.0351,0.0000,16,6,10,0.7853181066122118,-2.5264797640921497,0.625,0.33998514329603596,signal
AFU5,AMIHUD_SHOCK,trending_up,0.0351,0.0000,0,0,0,,,,,n/a
AFU5,AMIHUD_SHOCK,trending_down,0.0351,0.0000,0,0,0,,,,,n/a
AFU5,AMIHUD_SHOCK,ranging,0.0351,0.0000,4,1,3,,,,,n/a
AFU5,AMIHUD_SHOCK,high_vol,0.0351,0.0000,3,3,0,,,,,n/a
AFU5,AMIHUD_SHOCK,low_vol,0.0351,0.0000,7,2,5,7.5602409638554215,-1.897853520686501,0.7142857142857143,0.9075479869362612,signal
AFU5,AMIHUD_SHOCK,stress,0.0351,0.0000,2,0,2,,,,,n/a
AFU5,BIPOWER_JUMP,ALL,0.0351,0.0000,3,3,0,,,,,n/a
AFU5,BIPOWER_JUMP,trending_up,0.0351,0.0000,0,0,0,,,,,n/a
AFU5,BIPOWER_JUMP,trending_down,0.0351,0.0000,0,0,0,,,,,n/a
AFU5,BIPOWER_JUMP,ranging,0.0351,0.0000,0,0,0,,,,,n/a
AFU5,BIPOWER_JUMP,high_vol,0.0351,0.0000,2,2,0,,,,,n/a
AFU5,BIPOWER_JUMP,low_vol,0.0351,0.0000,0,0,0,,,,,n/a
AFU5,BIPOWER_JUMP,stress,0.0351,0.0000,1,1,0,,,,,n/a
AFU5,ANCHORED_VWAP,ALL,0.0351,0.0000,38,13,25,-6.077927758000579,-5.262340397458013,0.5,-0.0682897177084011,anti
AFU5,ANCHORED_VWAP,trending_up,0.0351,0.0000,0,0,0,,,,,n/a
AFU5,ANCHORED_VWAP,trending_down,0.0351,0.0000,7,1,6,,,,,n/a
AFU5,ANCHORED_VWAP,ranging,0.0351,0.0000,9,5,4,-5.69982936413425,-17.160837716734182,0.5555555555555556,0.7999793469770312,signal
AFU5,ANCHORED_VWAP,high_vol,0.0351,0.0000,4,0,4,,,,,n/a
AFU5,ANCHORED_VWAP,low_vol,0.0351,0.0000,11,4,7,-2.3353334165062214,0.5898061806756468,0.36363636363636365,-0.2969814468469508,anti
AFU5,ANCHORED_VWAP,stress,0.0351,0.0000,7,3,4,-11.628955360532368,-3.717140275292032,0.2857142857142857,-0.7057778615096195,anti
AFU5,DFA_REGIME,ALL,0.0351,0.0000,4,4,0,,,,,n/a
AFU5,DFA_REGIME,trending_up,0.0351,0.0000,0,0,0,,,,,n/a
AFU5,DFA_REGIME,trending_down,0.0351,0.0000,0,0,0,,,,,n/a
AFU5,DFA_REGIME,ranging,0.0351,0.0000,1,1,0,,,,,n/a
AFU5,DFA_REGIME,high_vol,0.0351,0.0000,2,2,0,,,,,n/a
AFU5,DFA_REGIME,low_vol,0.0351,0.0000,0,0,0,,,,,n/a
AFU5,DFA_REGIME,stress,0.0351,0.0000,1,1,0,,,,,n/a
AFU5,WANING_IMPULSES,ALL,0.0351,0.0000,46,35,11,-7.108681812837269,-2.3794954693572596,0.41304347826086957,-0.40061214050467375,anti
AFU5,WANING_IMPULSES,trending_up,0.0351,0.0000,0,0,0,,,,,n/a
AFU5,WANING_IMPULSES,trending_down,0.0351,0.0000,6,6,0,,,,,n/a
AFU5,WANING_IMPULSES,ranging,0.0351,0.0000,12,10,2,-14.86199232209523,-8.839430894308943,0.3333333333333333,-0.4079189405923565,anti
AFU5,WANING_IMPULSES,high_vol,0.0351,0.0000,6,5,1,,,,,n/a
AFU5,WANING_IMPULSES,low_vol,0.0351,0.0000,13,6,7,4.104129901175728,1.7444190521169225,0.6153846153846154,0.25539228825866184,signal
AFU5,WANING_IMPULSES,stress,0.0351,0.0000,9,8,1,,,,,n/a
AFU5,VOL_COMPRESSION,ALL,0.0351,0.0000,0,0,0,,,,,n/a
AFU5,VOL_COMPRESSION,trending_up,0.0351,0.0000,0,0,0,,,,,n/a
AFU5,VOL_COMPRESSION,trending_down,0.0351,0.0000,0,0,0,,,,,n/a
AFU5,VOL_COMPRESSION,ranging,0.0351,0.0000,0,0,0,,,,,n/a
AFU5,VOL_COMPRESSION,high_vol,0.0351,0.0000,0,0,0,,,,,n/a
AFU5,VOL_COMPRESSION,low_vol,0.0351,0.0000,0,0,0,,,,,n/a
AFU5,VOL_COMPRESSION,stress,0.0351,0.0000,0,0,0,,,,,n/a
AFU5,FALSE_BREAKOUT,ALL,0.0351,0.0000,0,0,0,,,,,n/a
AFU5,FALSE_BREAKOUT,trending_up,0.0351,0.0000,0,0,0,,,,,n/a
AFU5,FALSE_BREAKOUT,trending_down,0.0351,0.0000,0,0,0,,,,,n/a
AFU5,FALSE_BREAKOUT,ranging,0.0351,0.0000,0,0,0,,,,,n/a
AFU5,FALSE_BREAKOUT,high_vol,0.0351,0.0000,0,0,0,,,,,n/a
AFU5,FALSE_BREAKOUT,low_vol,0.0351,0.0000,0,0,0,,,,,n/a
AFU5,FALSE_BREAKOUT,stress,0.0351,0.0000,0,0,0,,,,,n/a
AFU5,LEVEL_ABSORPTION,ALL,0.0351,0.0000,1,1,0,,,,,n/a
AFU5,LEVEL_ABSORPTION,trending_up,0.0351,0.0000,0,0,0,,,,,n/a
AFU5,LEVEL_ABSORPTION,trending_down,0.0351,0.0000,0,0,0,,,,,n/a
AFU5,LEVEL_ABSORPTION,ranging,0.0351,0.0000,0,0,0,,,,,n/a
AFU5,LEVEL_ABSORPTION,high_vol,0.0351,0.0000,0,0,0,,,,,n/a
AFU5,LEVEL_ABSORPTION,low_vol,0.0351,0.0000,1,1,0,,,,,n/a
AFU5,LEVEL_ABSORPTION,stress,0.0351,0.0000,0,0,0,,,,,n/a
AFU5,ICHIMOKU_SIGNAL,ALL,0.0351,0.0000,12,5,7,-9.568828944229931,1.5423376819277426,0.3333333333333333,-1.3986710068070625,anti
AFU5,ICHIMOKU_SIGNAL,trending_up,0.0351,0.0000,0,0,0,,,,,n/a
AFU5,ICHIMOKU_SIGNAL,trending_down,0.0351,0.0000,0,0,0,,,,,n/a
AFU5,ICHIMOKU_SIGNAL,ranging,0.0351,0.0000,5,3,2,-12.341301959218333,-7.982960174361006,0.4,-1.3423960900656182,anti
AFU5,ICHIMOKU_SIGNAL,high_vol,0.0351,0.0000,0,0,0,,,,,n/a
AFU5,ICHIMOKU_SIGNAL,low_vol,0.0351,0.0000,7,2,5,-5.410119421747329,5.352456824443242,0.2857142857142857,-1.4186720659577123,anti
AFU5,ICHIMOKU_SIGNAL,stress,0.0351,0.0000,0,0,0,,,,,n/a
AFU5,BB_KELTNER_SQUEEZE,ALL,0.0351,0.0000,69,23,46,-3.1155396498689925,-4.159184443745735,0.5652173913043478,0.07534476485796145,signal
AFU5,BB_KELTNER_SQUEEZE,trending_up,0.0351,0.0000,0,0,0,,,,,n/a
AFU5,BB_KELTNER_SQUEEZE,trending_down,0.0351,0.0000,10,0,10,,,,,n/a
AFU5,BB_KELTNER_SQUEEZE,ranging,0.0351,0.0000,14,6,8,-6.6965542980963555,-16.517761747377385,0.5714285714285714,0.6972398630704267,signal
AFU5,BB_KELTNER_SQUEEZE,high_vol,0.0351,0.0000,7,1,6,,,,,n/a
AFU5,BB_KELTNER_SQUEEZE,low_vol,0.0351,0.0000,22,11,11,1.1459733091092028,-0.8765272088534708,0.5909090909090909,0.22439850495089933,signal
AFU5,BB_KELTNER_SQUEEZE,stress,0.0351,0.0000,16,5,11,-5.769139464102937,0.876337941860455,0.4375,-0.35854684061784975,anti
AFU5,MA_ENVELOPE,ALL,0.0351,0.0000,42,18,24,0.16298287537996542,-1.418996133375816,0.4523809523809524,0.12081846149664988,signal
AFU5,MA_ENVELOPE,trending_up,0.0351,0.0000,0,0,0,,,,,n/a
AFU5,MA_ENVELOPE,trending_down,0.0351,0.0000,9,3,6,-7.165660630449363,-5.486700613890032,0.5555555555555556,-0.1272746771194976,anti
AFU5,MA_ENVELOPE,ranging,0.0351,0.0000,7,4,3,-6.23617448921573,-1.5093215999415663,0.42857142857142855,-0.48783731564550165,anti
AFU5,MA_ENVELOPE,high_vol,0.0351,0.0000,5,2,3,-2.900094696969697,0.5879013844751783,0.4,-1.174260130585245,anti
AFU5,MA_ENVELOPE,low_vol,0.0351,0.0000,9,2,7,7.30862357981002,2.395313848492249,0.4444444444444444,0.6105227397469629,signal
AFU5,MA_ENVELOPE,stress,0.0351,0.0000,12,7,5,5.7940448341956765,-3.027727962145194,0.4166666666666667,0.45274792189319424,signal
AFU5,MA_TENSION,ALL,0.0351,0.0000,0,0,0,,,,,n/a
AFU5,MA_TENSION,trending_up,0.0351,0.0000,0,0,0,,,,,n/a
AFU5,MA_TENSION,trending_down,0.0351,0.0000,0,0,0,,,,,n/a
AFU5,MA_TENSION,ranging,0.0351,0.0000,0,0,0,,,,,n/a
AFU5,MA_TENSION,high_vol,0.0351,0.0000,0,0,0,,,,,n/a
AFU5,MA_TENSION,low_vol,0.0351,0.0000,0,0,0,,,,,n/a
AFU5,MA_TENSION,stress,0.0351,0.0000,0,0,0,,,,,n/a
AFU5,RSI_DIVERGENCE,ALL,0.0351,0.0000,12,12,0,,,,,n/a
AFU5,RSI_DIVERGENCE,trending_up,0.0351,0.0000,0,0,0,,,,,n/a
AFU5,RSI_DIVERGENCE,trending_down,0.0351,0.0000,1,1,0,,,,,n/a
AFU5,RSI_DIVERGENCE,ranging,0.0351,0.0000,4,4,0,,,,,n/a
AFU5,RSI_DIVERGENCE,high_vol,0.0351,0.0000,1,1,0,,,,,n/a
AFU5,RSI_DIVERGENCE,low_vol,0.0351,0.0000,0,0,0,,,,,n/a
AFU5,RSI_DIVERGENCE,stress,0.0351,0.0000,6,6,0,,,,,n/a
AFU5,ATR_EXHAUSTION,ALL,0.0351,0.0000,64,22,42,-2.6319472795627012,-3.8010900006011097,0.5625,0.0843629831306329,signal
AFU5,ATR_EXHAUSTION,trending_up,0.0351,0.0000,0,0,0,,,,,n/a
AFU5,ATR_EXHAUSTION,trending_down,0.0351,0.0000,10,6,4,-9.471324152418235,4.769356501621948,0.2,-1.1620925789357743,anti
AFU5,ATR_EXHAUSTION,ranging,0.0351,0.0000,14,5,9,-7.265670320657534,-13.643242741018215,0.7142857142857143,0.41934469043873196,signal
AFU5,ATR_EXHAUSTION,high_vol,0.0351,0.0000,6,2,4,0.9809846665516769,-8.055401039884636,0.8333333333333334,1.0869440861449893,signal
AFU5,ATR_EXHAUSTION,low_vol,0.0351,0.0000,18,2,16,0.8646392367322608,0.3100036535282364,0.4444444444444444,0.06565969973992969,signal
AFU5,ATR_EXHAUSTION,stress,0.0351,0.0000,16,7,9,4.508886937264256,-3.1858306288315243,0.6875,0.4439814648281856,signal
AFU5,ALLIGATOR,ALL,0.0351,0.0000,54,23,31,-5.873372534856581,-3.1828244058211665,0.46296296296296297,-0.2090948544815338,anti
AFU5,ALLIGATOR,trending_up,0.0351,0.0000,0,0,0,,,,,n/a
AFU5,ALLIGATOR,trending_down,0.0351,0.0000,10,1,9,,,,,n/a
AFU5,ALLIGATOR,ranging,0.0351,0.0000,10,7,3,-15.078946429846,-6.606141525682259,0.2,-0.7308939927879309,anti
AFU5,ALLIGATOR,high_vol,0.0351,0.0000,4,0,4,,,,,n/a
AFU5,ALLIGATOR,low_vol,0.0351,0.0000,17,10,7,-0.9501466774671437,-0.4865402125991177,0.47058823529411764,-0.05069137472804064,anti
AFU5,ALLIGATOR,stress,0.0351,0.0000,13,5,8,-7.3400286369549175,-0.7753613164831421,0.38461538461538464,-0.3822717383711557,anti
AFU5,MAMA_FAMA,ALL,0.0351,0.0000,70,25,45,-2.3538771516244332,-4.51304625006641,0.5285714285714286,0.15722050644137042,signal
AFU5,MAMA_FAMA,trending_up,0.0351,0.0000,0,0,0,,,,,n/a
AFU5,MAMA_FAMA,trending_down,0.0351,0.0000,10,2,8,4.583333333333334,-5.864648196836034,0.8,0.7596253320273332,signal
AFU5,MAMA_FAMA,ranging,0.0351,0.0000,15,6,9,-6.6965542980963555,-14.445130183213555,0.5333333333333333,0.5386405671333307,signal
AFU5,MAMA_FAMA,high_vol,0.0351,0.0000,7,2,5,-7.718180208886529,-4.245904881732426,0.2857142857142857,-0.4038046666153882,anti
AFU5,MAMA_FAMA,low_vol,0.0351,0.0000,21,11,10,-0.6310947671714721,1.0110031174352305,0.47619047619047616,-0.17712990205881873,anti
AFU5,MAMA_FAMA,stress,0.0351,0.0000,17,4,13,-1.3639667030100286,-1.1572485226975682,0.5294117647058824,-0.01136676938292676,noise
AFU5,EHLERS_MODE,ALL,0.0351,0.0000,16,3,13,8.52057627458697,-4.536678507052526,0.625,1.0782731559425687,signal
AFU5,EHLERS_MODE,trending_up,0.0351,0.0000,0,0,0,,,,,n/a
AFU5,EHLERS_MODE,trending_down,0.0351,0.0000,7,1,6,,,,,n/a
AFU5,EHLERS_MODE,ranging,0.0351,0.0000,1,0,1,,,,,n/a
AFU5,EHLERS_MODE,high_vol,0.0351,0.0000,0,0,0,,,,,n/a
AFU5,EHLERS_MODE,low_vol,0.0351,0.0000,2,1,1,,,,,n/a
AFU5,EHLERS_MODE,stress,0.0351,0.0000,6,1,5,,,,,n/a
AFU5,CYBER_PHASE,ALL,0.0351,0.0000,57,37,20,-3.1419351140058533,-2.0338558260264197,0.42105263157894735,-0.07514416467818735,anti
AFU5,CYBER_PHASE,trending_up,0.0351,0.0000,0,0,0,,,,,n/a
AFU5,CYBER_PHASE,trending_down,0.0351,0.0000,5,2,3,19.230769230769234,-10.939828180428696,1.0,3.919688575698937,signal
AFU5,CYBER_PHASE,ranging,0.0351,0.0000,13,12,1,,,,,n/a
AFU5,CYBER_PHASE,high_vol,0.0351,0.0000,4,1,3,,,,,n/a
AFU5,CYBER_PHASE,low_vol,0.0351,0.0000,21,11,10,-0.3533875450903612,2.0380581863512908,0.47619047619047616,-0.27646846089688343,anti
AFU5,CYBER_PHASE,stress,0.0351,0.0000,14,11,3,2.465396322855208,-7.863636363636364,0.42857142857142855,0.5431886496259986,signal
AFU5,FVG,ALL,0.0351,0.0000,61,37,24,-2.3319794219516714,-4.355776430896873,0.5081967213114754,0.15505483458925917,signal
AFU5,FVG,trending_up,0.0351,0.0000,0,0,0,,,,,n/a
AFU5,FVG,trending_down,0.0351,0.0000,10,5,5,-5.042293578404062,-2.5078102032002594,0.3,-0.17531361559604416,anti
AFU5,FVG,ranging,0.0351,0.0000,11,6,5,-7.4412279409133,-9.09526278502736,0.6363636363636364,0.11695385479595624,signal
AFU5,FVG,high_vol,0.0351,0.0000,7,5,2,-4.620036726373603,-6.782850597283588,0.42857142857142855,0.24801130383371395,signal
AFU5,FVG,low_vol,0.0351,0.0000,18,11,7,-0.16276231017269246,-4.175696376275453,0.6111111111111112,0.4644574994438812,signal
AFU5,FVG,stress,0.0351,0.0000,15,10,5,0.8466165969055917,-0.7455387143783054,0.4666666666666667,0.08629343231445874,signal
AFU5,ORDER_BLOCK,ALL,0.0351,0.0000,14,11,3,0.415091329930641,-0.02398108016085554,0.42857142857142855,0.026176154724469467,noise
AFU5,ORDER_BLOCK,trending_up,0.0351,0.0000,0,0,0,,,,,n/a
AFU5,ORDER_BLOCK,trending_down,0.0351,0.0000,0,0,0,,,,,n/a
AFU5,ORDER_BLOCK,ranging,0.0351,0.0000,4,4,0,,,,,n/a
AFU5,ORDER_BLOCK,high_vol,0.0351,0.0000,2,2,0,,,,,n/a
AFU5,ORDER_BLOCK,low_vol,0.0351,0.0000,4,1,3,,,,,n/a
AFU5,ORDER_BLOCK,stress,0.0351,0.0000,4,4,0,,,,,n/a
AFU5,LIQUIDITY_SWEEP,ALL,0.0351,0.0000,0,0,0,,,,,n/a
AFU5,LIQUIDITY_SWEEP,trending_up,0.0351,0.0000,0,0,0,,,,,n/a
AFU5,LIQUIDITY_SWEEP,trending_down,0.0351,0.0000,0,0,0,,,,,n/a
AFU5,LIQUIDITY_SWEEP,ranging,0.0351,0.0000,0,0,0,,,,,n/a
AFU5,LIQUIDITY_SWEEP,high_vol,0.0351,0.0000,0,0,0,,,,,n/a
AFU5,LIQUIDITY_SWEEP,low_vol,0.0351,0.0000,0,0,0,,,,,n/a
AFU5,LIQUIDITY_SWEEP,stress,0.0351,0.0000,0,0,0,,,,,n/a
AFU5,LEVEL_QUALITY,ALL,0.0351,0.0000,28,20,8,-3.8515983439126344,-7.879854968078591,0.42857142857142855,0.2630848549930605,signal
AFU5,LEVEL_QUALITY,trending_up,0.0351,0.0000,0,0,0,,,,,n/a
AFU5,LEVEL_QUALITY,trending_down,0.0351,0.0000,2,2,0,,,,,n/a
AFU5,LEVEL_QUALITY,ranging,0.0351,0.0000,8,6,2,-9.724770238535205,-26.42950297058397,0.5,1.1205014163407407,signal
AFU5,LEVEL_QUALITY,high_vol,0.0351,0.0000,3,3,0,,,,,n/a
AFU5,LEVEL_QUALITY,low_vol,0.0351,0.0000,8,3,5,-1.647991122775549,-0.39960312432852163,0.375,-0.12889961050578616,anti
AFU5,LEVEL_QUALITY,stress,0.0351,0.0000,7,6,1,,,,,n/a
AFU5,ALLIGATOR_CLASSIC,ALL,0.0351,0.0000,38,10,28,-7.121580206674446,-4.076007990896075,0.5263157894736842,-0.1983392530360295,anti
AFU5,ALLIGATOR_CLASSIC,trending_up,0.0351,0.0000,0,0,0,,,,,n/a
AFU5,ALLIGATOR_CLASSIC,trending_down,0.0351,0.0000,9,0,9,,,,,n/a
AFU5,ALLIGATOR_CLASSIC,ranging,0.0351,0.0000,7,4,3,-10.297643136080415,-19.38858691463155,0.2857142857142857,0.633810824625911,signal
AFU5,ALLIGATOR_CLASSIC,high_vol,0.0351,0.0000,3,0,3,,,,,n/a
AFU5,ALLIGATOR_CLASSIC,low_vol,0.0351,0.0000,9,6,3,-5.004204920403797,1.4043404136283393,0.3333333333333333,-0.7085768685063032,anti
AFU5,ALLIGATOR_CLASSIC,stress,0.0351,0.0000,10,0,10,,,,,n/a
AFU5,ICHIMOKU_CLASSIC,ALL,0.0351,0.0000,70,21,49,-5.075539517805862,-2.9486489925975654,0.5,-0.1550783311598943,anti
AFU5,ICHIMOKU_CLASSIC,trending_up,0.0351,0.0000,0,0,0,,,,,n/a
AFU5,ICHIMOKU_CLASSIC,trending_down,0.0351,0.0000,10,0,10,,,,,n/a
AFU5,ICHIMOKU_CLASSIC,ranging,0.0351,0.0000,14,4,10,-10.297643136080415,-11.79269637281299,0.5,0.09617350739145059,signal
AFU5,ICHIMOKU_CLASSIC,high_vol,0.0351,0.0000,7,3,4,-7.012761544011544,-3.906900048600139,0.42857142857142855,-0.360857724060518,anti
AFU5,ICHIMOKU_CLASSIC,low_vol,0.0351,0.0000,22,12,10,-2.7383697603703574,3.582434422725734,0.36363636363636365,-0.7477093080895006,anti
AFU5,ICHIMOKU_CLASSIC,stress,0.0351,0.0000,17,2,15,-5.748517786561265,-0.6002041355990649,0.5294117647058824,-0.2844294835521034,anti
AFU5,MA_TENSION_CLASSIC,ALL,0.0351,0.0000,67,21,46,-5.143208690738193,-1.347921421606388,0.4925373134328358,-0.3155846836133172,anti
AFU5,MA_TENSION_CLASSIC,trending_up,0.0351,0.0000,0,0,0,,,,,n/a
AFU5,MA_TENSION_CLASSIC,trending_down,0.0351,0.0000,10,0,10,,,,,n/a
AFU5,MA_TENSION_CLASSIC,ranging,0.0351,0.0000,11,4,7,-10.297643136080415,-5.266943016617423,0.45454545454545453,-0.7756228915448754,anti
AFU5,MA_TENSION_CLASSIC,high_vol,0.0351,0.0000,7,3,4,-7.012761544011544,-3.906900048600139,0.42857142857142855,-0.360857724060518,anti
AFU5,MA_TENSION_CLASSIC,low_vol,0.0351,0.0000,22,12,10,-2.856790813001936,3.7245396858836286,0.36363636363636365,-0.7835699297737478,anti
AFU5,MA_TENSION_CLASSIC,stress,0.0351,0.0000,17,2,15,-5.748517786561265,-0.6002041355990649,0.5294117647058824,-0.2844294835521034,anti
AFU5,MAMA_FAMA_CLASSIC,ALL,0.0351,0.0000,56,20,36,-3.9588548499251544,-4.162993787551247,0.5714285714285714,0.01683663478864315,noise
AFU5,MAMA_FAMA_CLASSIC,trending_up,0.0351,0.0000,0,0,0,,,,,n/a
AFU5,MAMA_FAMA_CLASSIC,trending_down,0.0351,0.0000,9,0,9,,,,,n/a
AFU5,MAMA_FAMA_CLASSIC,ranging,0.0351,0.0000,11,5,6,-5.822272924705918,-9.608310799458193,0.5454545454545454,0.3204439725355203,signal
AFU5,MAMA_FAMA_CLASSIC,high_vol,0.0351,0.0000,6,2,4,-7.316017316017317,-3.906900048600139,0.5,-0.35453946635812894,anti
AFU5,MAMA_FAMA_CLASSIC,low_vol,0.0351,0.0000,16,11,5,-2.1760601972560307,1.6465744715020658,0.4375,-0.4094081899986578,anti
AFU5,MAMA_FAMA_CLASSIC,stress,0.0351,0.0000,14,2,12,-5.748517786561265,-2.5338331786264336,0.5714285714285714,-0.19165830881517765,anti
AFU5,ADAPTIVE_MA_CLASSIC,ALL,0.0351,0.0000,65,24,41,-1.3359872984804888,-4.450762081391986,0.5538461538461539,0.2267459890021811,signal
AFU5,ADAPTIVE_MA_CLASSIC,trending_up,0.0351,0.0000,0,0,0,,,,,n/a
AFU5,ADAPTIVE_MA_CLASSIC,trending_down,0.0351,0.0000,10,1,9,,,,,n/a
AFU5,ADAPTIVE_MA_CLASSIC,ranging,0.0351,0.0000,15,7,8,-6.018127333092756,-16.007325763231353,0.4666666666666667,0.7155042568555148,signal
AFU5,ADAPTIVE_MA_CLASSIC,high_vol,0.0351,0.0000,6,0,6,,,,,n/a
AFU5,ADAPTIVE_MA_CLASSIC,low_vol,0.0351,0.0000,19,13,6,-0.23048793710056342,2.1794560364002415,0.47368421052631576,-0.27948786985892776,anti
AFU5,ADAPTIVE_MA_CLASSIC,stress,0.0351,0.0000,15,3,12,-1.2023757720805985,0.6954666427838488,0.5333333333333333,-0.10286366744878796,anti
AFU5,ZLEMA_CLASSIC,ALL,0.0351,0.0000,58,29,29,-3.991750948102522,-5.689017856507907,0.5,0.13724252648311042,signal
AFU5,ZLEMA_CLASSIC,trending_up,0.0351,0.0000,0,0,0,,,,,n/a
AFU5,ZLEMA_CLASSIC,trending_down,0.0351,0.0000,8,2,6,19.230769230769234,-9.944245586438067,1.0,3.804687882619588,signal
AFU5,ZLEMA_CLASSIC,ranging,0.0351,0.0000,11,8,3,-16.588084814789976,-2.4927861468090025,0.2727272727272727,-0.9091724591749318,anti
AFU5,ZLEMA_CLASSIC,high_vol,0.0351,0.0000,7,1,6,,,,,n/a
AFU5,ZLEMA_CLASSIC,low_vol,0.0351,0.0000,18,10,8,2.82075266934801,-1.7188261343000903,0.5555555555555556,0.5355258099090273,signal
AFU5,ZLEMA_CLASSIC,stress,0.0351,0.0000,14,8,6,-6.190862368999258,-7.936576193085966,0.35714285714285715,0.1627916376899923,signal
AFU5,T3_CLASSIC,ALL,0.0351,0.0000,58,22,36,-5.00372597302806,-3.042176105163461,0.46551724137931033,-0.1347460321426982,anti
AFU5,T3_CLASSIC,trending_up,0.0351,0.0000,0,0,0,,,,,n/a
AFU5,T3_CLASSIC,trending_down,0.0351,0.0000,9,1,8,,,,,n/a
AFU5,T3_CLASSIC,ranging,0.0351,0.0000,13,8,5,-11.885037551108386,-12.149232000129638,0.3076923076923077,0.01639699665517117,noise
AFU5,T3_CLASSIC,high_vol,0.0351,0.0000,7,1,6,,,,,n/a
AFU5,T3_CLASSIC,low_vol,0.0351,0.0000,16,7,9,-0.5648507434148643,-0.5886879337621728,0.4375,0.00243573763126445,noise
AFU5,T3_CLASSIC,stress,0.0351,0.0000,13,5,8,-5.5032234561670075,3.5785260180520786,0.38461538461538464,-0.45560240071587954,anti
